Date,portfolio
2011-09-16,
2011-09-19,-0.01285750396813437
2011-09-20,0.00016587667686082663
2011-09-21,-0.02257395680494395
2011-09-22,-0.02829878722599677
2011-09-23,-0.001859426498909661
2011-09-26,0.006787990736910887
2011-09-27,0.01982916126653128
2011-09-28,-0.02473040795251885
2011-09-29,0.007508828397701034
2011-09-30,-0.016362872142331147
2011-10-03,-0.01943923993363164
2011-10-04,0.006931376373956022
2011-10-05,0.017958278662315003
2011-10-06,0.014982114484769132
2011-10-07,-0.010192728569294818
2011-10-10,0.02104162332381157
2011-10-11,0.005832545672413536
2011-10-12,0.00941055101743496
2011-10-13,-0.0054454836347377356
2011-10-14,0.014928799404639315
2011-10-17,-0.011244438354377162
2011-10-18,0.005855711333915853
2011-10-19,-0.0035000114792127224
2011-10-20,-0.007771944275678316
2011-10-21,0.016788782463621532
2011-10-24,0.01913478818733183
2011-10-25,-0.0074850184266002096
2011-10-26,-0.0005188361097433203
2011-10-27,0.031651369065474194
2011-10-28,0.00372942262510767
2011-10-31,-0.01603628196930937
2011-11-01,-0.023203437780845715
2011-11-02,0.014916455267350415
2011-11-03,0.01317681886909497
2011-11-04,-0.001728808025588724
2011-11-07,-0.0011076815548990149
2011-11-08,0.005313081907671352
2011-11-09,-0.016782024477428326
2011-11-10,-0.0027508724297312936
2011-11-11,0.014612417511520426
2011-11-14,-0.008813529970807227
2011-11-15,0.0018706623234837072
2011-11-16,0.0007059743546878883
2011-11-17,-0.012020743841832743
2011-11-18,-0.004199056152449865
2011-11-21,-0.015432121188472203
2011-11-22,-0.0033321931617695533
2011-11-23,-0.016250311433062242
2011-11-24,-0.0026490066225165476
2011-11-25,-0.0035480311402329434
2011-11-28,0.021431373047732682
2011-11-29,0.0024620968486328554
2011-11-30,0.029799187381786663
2011-12-01,-0.0029325173120732517
2011-12-02,0.0056076710945712205
2011-12-05,0.00492255269229841
2011-12-06,-0.0002869857969003964
2011-12-07,-0.003231172365974977
2011-12-08,-0.011689592294790191
2011-12-09,0.008663942982381267
2011-12-12,-0.010937599622755229
2011-12-13,-0.0024621471563806285
2011-12-14,-0.018782884229120583
2011-12-15,0.004496513862593504
2011-12-16,0.008923533938058031
2011-12-19,-0.00703855494367947
2011-12-20,0.020836731818969334
2011-12-21,0.0017269065407738149
2011-12-22,0.006115273020766004
2011-12-23,0.0026439514636357464
2011-12-27,0.002445203512717986
2011-12-28,-0.009800818889024898
2011-12-29,0.003620910667982008
2011-12-30,0.00017215816386564886
2012-01-03,0.014829313926832732
2012-01-04,-0.004970743652512155
2012-01-05,-0.0037568006148869515
2012-01-06,0.0031996669129314703
2012-01-09,0.0007173776878820481
2012-01-10,0.010107316946266376
2012-01-11,-0.001364378550812756
2012-01-12,-0.000789566981862555
2012-01-13,-0.0035895863651926874
2012-01-16,0.002475681954302089
2012-01-17,0.0005393198161549595
2012-01-18,0.005645007704533744
2012-01-19,0.004332110886627549
2012-01-20,1.3027148485778017e-05
2012-01-23,0.004651167247095217
2012-01-24,0.0017703261961122263
2012-01-25,0.0066577115976395596
2012-01-26,0.002269161227775207
2012-01-27,0.004200822675426763
2012-01-30,-0.006651752318781956
2012-01-31,-0.004206759990469239
2012-02-01,0.010489156226061835
2012-02-02,0.004966714446067388
2012-02-03,0.011776479864431338
2012-02-06,-0.0010436678493236373
2012-02-07,0.00047130770021625024
2012-02-08,-0.002091493145960216
2012-02-09,-0.0004260107101354549
2012-02-10,-0.008533851921070645
2012-02-13,0.005350740456273706
2012-02-14,-0.0024238796549024555
2012-02-15,-0.0010925278622915535
2012-02-16,0.006218701213521416
2012-02-17,0.002281330089255046
2012-02-20,0.0012823974082073475
2012-02-21,0.0008660555916899515
2012-02-22,-0.004368850119039536
2012-02-23,0.00578231566090831
2012-02-24,0.0011792248922046777
2012-02-27,-0.0011700819525909123
2012-02-28,0.00023579730032513568
2012-02-29,-0.010225264907180787
2012-03-01,0.003811255413624204
2012-03-02,-0.007065555887603381
2012-03-05,-0.004850146873747435
2012-03-06,-0.012909311067895196
2012-03-07,0.0031723661831420946
2012-03-08,0.006374454619908737
2012-03-09,0.010448392519914085
2012-03-12,-0.0028117007147935857
2012-03-13,0.009501468593321821
2012-03-14,-0.004379797155320664
2012-03-15,0.003632075782694255
2012-03-16,0.002710744459020087
2012-03-19,0.004636638523719205
2012-03-20,-0.010151969597277904
2012-03-21,0.0015467959001186082
2012-03-22,-0.008014106683212396
2012-03-23,0.0041528722173050925
2012-03-26,0.01281541522089008
2012-03-27,-0.0034908395184044816
2012-03-28,-0.005553621417581173
2012-03-29,-0.007896942301249404
2012-03-30,0.005824242298015897
2012-04-02,0.0066476563506980835
2012-04-03,-0.002309008661945111
2012-04-04,-0.013882377523822126
2012-04-05,0.00036404189134378595
2012-04-09,-0.004941173831460005
2012-04-10,-0.01754240391012704
2012-04-11,0.0068909368940609506
2012-04-12,0.0111238030775834
2012-04-13,-0.010791253862060507
2012-04-16,-0.00043276888271567837
2012-04-17,0.009163104385800314
2012-04-18,-0.00867206079387517
2012-04-19,0.0012844317643100345
2012-04-20,0.0036786919989816314
2012-04-23,-0.01005887394988439
2012-04-24,0.007236647716838879
2012-04-25,0.00657566703412607
2012-04-26,0.005637653585681246
2012-04-27,0.005438567881554113
2012-04-30,-0.0017008051313483763
2012-05-01,0.0038065306515366326
2012-05-02,-0.00938387012910788
2012-05-03,-0.0033211544007472338
2012-05-04,-0.013541293329968979
2012-05-07,0.0012639749341308293
2012-05-08,-0.003036848644406037
2012-05-09,-0.0017545824725026526
2012-05-10,0.0025963175541423023
2012-05-11,-0.0035345532345847364
2012-05-14,-0.009718980975853997
2012-05-15,5.096411162816561e-05
2012-05-16,0.000178594280442812
2012-05-17,-0.008928490083974006
2012-05-18,-0.004510345393929943
2012-05-21,0.006325450944585059
2012-05-22,-0.0010186491659028019
2012-05-23,-0.007159438276218955
2012-05-24,0.005377503786538673
2012-05-25,0.00017647256038000325
2012-05-28,0.0014020635620010657
2012-05-29,0.002512238191080207
2012-05-30,-0.011432246060929407
2012-05-31,-0.005270089770388592
2012-06-01,-0.012335041209326325
2012-06-04,0.0006631122001146128
2012-06-05,0.002234018943293503
2012-06-06,0.015815287658019928
2012-06-07,-0.0012624136615981552
2012-06-08,0.003019351897043304
2012-06-11,-0.007967173471185196
2012-06-12,0.001430221876526
2012-06-13,-0.0028903296463568817
2012-06-14,0.0071204256701304924
2012-06-15,0.003829317315504316
2012-06-18,0.003441520333102105
2012-06-19,0.01195624502865561
2012-06-20,-0.002550922878837264
2012-06-21,-0.014356766903992013
2012-06-22,0.003598064735936324
2012-06-25,-0.0030009177740041304
2012-06-26,0.00020949395925543013
2012-06-27,0.009504172930449
2012-06-28,-0.0021868222663413706
2012-06-29,0.024189055995880226
2012-07-02,0.0034474547553614288
2012-07-03,0.017069736102799993
2012-07-04,0.00024363311524921993
2012-07-05,0.0012347917331188285
2012-07-06,-0.011593029926801335
2012-07-09,0.0033160557119207568
2012-07-10,-0.006563890795997729
2012-07-11,-0.0012143566848325793
2012-07-12,-0.003489139690039944
2012-07-13,0.012106842295155074
2012-07-16,0.0022779836728014646
2012-07-17,-0.0028811202870868136
2012-07-18,0.009741538392467608
2012-07-19,0.0029710716951822924
2012-07-20,-0.0050629815373150755
2012-07-23,-0.013127590706825204
2012-07-24,-0.007499336311809879
2012-07-25,0.0004883399116553666
2012-07-26,0.0033116760487234553
2012-07-27,0.012007124231622673
2012-07-30,0.0033318751105929634
2012-07-31,-0.0031743426790014906
2012-08-01,-0.010425070468678799
2012-08-02,-0.010347339444426312
2012-08-03,0.016550442922452502
2012-08-06,0.003523225691444226
2012-08-07,0.0043840474503298865
2012-08-08,0.001194478330197507
2012-08-09,0.0024527523687047637
2012-08-10,-0.0037809758795909476
2012-08-13,-0.006182266584104923
2012-08-14,0.002554622043161786
2012-08-15,0.0019182723758672526
2012-08-16,0.004293395269254957
2012-08-17,0.0053572703833263124
2012-08-20,0.0016696925018496456
2012-08-21,0.006539426202965215
2012-08-22,-0.00414117031803915
2012-08-23,-0.0029545828835848
2012-08-24,-0.0002771712844842067
2012-08-27,-0.0007236822887972671
2012-08-28,0.0022563410969295983
2012-08-29,0.0024407651818082743
2012-08-30,-0.004049061382793762
2012-08-31,0.004725478983752918
2012-09-03,0.0019148126867809534
2012-09-04,4.6691758016054186e-05
2012-09-05,0.003649221755310267
2012-09-06,0.008138511457653319
2012-09-07,0.005756705911130033
2012-09-10,-0.0002983889826266295
2012-09-11,0.003622391565058891
2012-09-12,0.0020599295324832956
2012-09-13,0.006126085493642963
2012-09-14,0.011555050894495378
2012-09-17,-0.010806295497227725
2012-09-18,-0.002295410657995184
2012-09-19,-0.0012475351955004155
2012-09-20,-0.003513272327348438
2012-09-21,0.0051844447555488005
2012-09-24,-0.004303650501423145
2012-09-25,-0.0018761066850293828
2012-09-26,-0.009922941720047734
2012-09-27,0.005917931207713389
2012-09-28,0.00028921801966735883
2012-10-01,0.004293670295959895
2012-10-02,-0.0013335716257046326
2012-10-03,-0.0031926481436168885
2012-10-04,0.003295036186654804
2012-10-05,0.0024265383384129147
2012-10-08,-0.00641767927948006
2012-10-09,-0.005149191244211648
2012-10-10,-0.0012616114446828974
2012-10-11,0.0064859843344455825
2012-10-12,-0.007934498170339754
2012-10-15,-0.0018540969341144242
2012-10-16,0.005256360209276778
2012-10-17,0.006392287312622091
2012-10-18,-0.00029077760384949025
2012-10-19,-0.011813332532061821
2012-10-22,-0.0029806204810510772
2012-10-23,-0.0070721985787156605
2012-10-24,0.00046242337346016904
2012-10-25,0.000883946921815093
2012-10-26,-0.0029374352360987677
2012-10-29,-0.0007866133826369415
2012-10-30,0.0007145050977045431
2012-10-31,0.0005724168486285486
2012-11-01,0.009101902868700773
2012-11-02,-0.009940434199604609
2012-11-05,0.0004499897424573851
2012-11-06,0.007863464862682412
2012-11-07,-0.01669751618021878
2012-11-08,-0.001980499237709349
2012-11-09,-0.0019539208878699144
2012-11-12,-0.003176548917204397
2012-11-13,-0.0005176143197155314
2012-11-14,-0.007184978238970935
2012-11-15,-0.0077329145125059895
2012-11-16,0.0014312245105496668
2012-11-19,0.01792417941888047
2012-11-20,0.0006952792704513211
2012-11-21,0.0026394214398685334
2012-11-22,0.000767097763794744
2012-11-23,0.006262956097297573
2012-11-26,-0.0009269018739657409
2012-11-27,0.0032367821233438565
2012-11-28,6.555633175733822e-05
2012-11-29,0.0074917546972645965
2012-11-30,-0.0013082621051065946
2012-12-03,0.0009747836022543366
2012-12-04,-0.0019605659754919624
2012-12-05,0.0022431800098787757
2012-12-06,0.00027581781975155595
2012-12-07,-0.001440324115814795
2012-12-10,0.001577480539783932
2012-12-11,0.004697835109772119
2012-12-12,-0.0014755849833295864
2012-12-13,-0.006008508869424167
2012-12-14,0.0005146735468496977
2012-12-17,0.00559301331347406
2012-12-18,0.006172655758801826
2012-12-19,-0.0019006981222629837
2012-12-20,0.000622979283237235
2012-12-21,-0.0012292044615805908
2012-12-24,-0.0009870415629786577
2012-12-26,-0.0009079110763564324
2012-12-27,-0.0049143469134389495
2012-12-28,-9.473634839957112e-05
2012-12-31,0.0029128587713259935
2013-01-02,0.020588679799453113
2013-01-03,-0.001645262713038581
2013-01-04,0.000694236557129746
2013-01-07,-0.0015761859326944017
2013-01-08,-0.0018142078830088726
2013-01-09,0.0026042307857795655
2013-01-10,0.0017623403342082455
2013-01-11,0.000268627552116929
2013-01-14,0.0029443863632180323
2013-01-15,0.001196562034071369
2013-01-16,0.0002806694180331748
2013-01-17,0.004940487011362321
2013-01-18,0.0018803593995703194
2013-01-21,0.0025827154037156297
2013-01-22,0.0018023490689450528
2013-01-23,-0.00033533572591218364
2013-01-24,0.001840232870688352
2013-01-25,-0.001311051301129157
2013-01-28,0.0009433673878739002
2013-01-29,0.0028434238743007545
2013-01-30,-0.0019111916624216796
2013-01-31,-0.00100873635451465
2013-02-01,0.005523137421511393
2013-02-04,-0.00588652938586276
2013-02-05,0.0043278140777423535
2013-02-06,0.0012083645896623085
2013-02-07,-0.004722489013779557
2013-02-08,0.004137930005474522
2013-02-11,-0.0019756207073741427
2013-02-12,0.0028640359648165192
2013-02-13,0.0009062009915489222
2013-02-14,0.0007024482314096359
2013-02-15,0.0004495260869973039
2013-02-18,-0.0014394353672947946
2013-02-19,0.005308015667523092
2013-02-20,-0.00781306128283174
2013-02-21,-0.009660968482436944
2013-02-22,0.003603025347774652
2013-02-25,-0.004933799948663664
2013-02-26,-0.0022415224764980035
2013-02-27,0.005429663020931397
2013-02-28,0.0011067291479557873
2013-03-01,-0.0008370214964648903
2013-03-04,0.0018844742361326383
2013-03-05,0.007274117042577133
2013-03-06,-0.0013815117944531718
2013-03-07,0.003993628269705646
2013-03-08,0.0032125335862694393
2013-03-11,0.0013618902172028158
2013-03-12,-0.0005004779588492214
2013-03-13,0.0012226659500947923
2013-03-14,0.006437926174325037
2013-03-15,0.0018873075703303155
2013-03-18,-0.0034944627949100304
2013-03-19,-0.002357946065960903
2013-03-20,0.004189850752286867
2013-03-21,-0.002834230402183613
2013-03-22,0.0006595928005234675
2013-03-25,-0.0015508088700443845
2013-03-26,0.003039896887208293
2013-03-27,0.0028195847768647253
2013-03-28,-0.004236979148446729
2013-04-01,-0.00487047177295058
2013-04-02,-0.004837411975525258
2013-04-03,-0.010910033967366839
2013-04-04,0.0008187290366944988
2013-04-05,0.001985436349879577
2013-04-08,0.003849684283066368
2013-04-09,0.002316200898535986
2013-04-10,0.006590373363527802
2013-04-11,0.003190691485092878
2013-04-12,-0.006711633438735598
2013-04-15,-0.02096885864070422
2013-04-16,0.004994092222986579
2013-04-17,-0.010860680999282724
2013-04-18,0.004153565262678793
2013-04-19,0.0031143887970157547
2013-04-22,-0.0020430187327439286
2013-04-23,0.00816059708354494
2013-04-24,0.0039038023253581966
2013-04-25,0.008592273790420712
2013-04-26,-0.00460202124685391
2013-04-29,0.008803416757469207
2013-04-30,0.0006783414198489601
2013-05-01,-0.012879861629091244
2013-05-02,0.006097780590003182
2013-05-03,0.010879525424219522
2013-05-06,0.000479337228796034
2013-05-07,0.001976346659656264
2013-05-08,0.0037916349463698595
2013-05-09,-0.00025459538074135146
2013-05-10,-0.0011016752841294108
2013-05-13,-0.0006358291323684817
2013-05-14,0.005175869630874602
2013-05-15,0.0007429193779965593
2013-05-16,-0.0007242242110812314
2013-05-17,0.003998810700256317
2013-05-20,0.005382285041435175
2013-05-21,-0.002411383669481515
2013-05-22,-0.0016662262128186445
2013-05-23,-0.006127737856318705
2013-05-24,-0.0017546062519229466
2013-05-28,0.01031895775944211
2013-05-29,-0.009661843454642549
2013-05-30,0.0024536531976359355
2013-05-31,-0.0051471557897737885
2013-06-03,0.0020627812662704637
2013-06-04,0.0006227557525028404
2013-06-05,-0.007076384037548816
2013-06-06,0.0017198778552607596
2013-06-07,0.004002923679910564
2013-06-10,9.272087161318887e-05
2013-06-11,-0.00526913886198907
2013-06-12,-0.004465092390216779
2013-06-13,0.005455400890011425
2013-06-14,0.00219152983785037
2013-06-17,0.0025746990799007663
2013-06-18,0.004485724807193531
2013-06-19,-0.0022783790062505527
2013-06-20,-0.023901865897534874
2013-06-21,-0.0036617510620149674
2013-06-24,-0.010291658080970045
2013-06-25,0.006331297106733996
2013-06-26,0.002822058052736137
2013-06-27,0.005956108640396474
2013-06-28,-0.0005394528796754394
2013-07-01,0.007854138062337812
2013-07-02,0.0009318275629500161
2013-07-03,0.0007599598796633744
2013-07-04,0.0036392470232694263
2013-07-05,-0.002008363572053945
2013-07-08,0.00528242520887634
2013-07-09,0.0069966423976483005
2013-07-10,0.0016586823543580098
2013-07-11,0.008070892837814092
2013-07-12,0.001736715006010331
2013-07-15,0.003225223513680986
2013-07-16,2.7448190425272134e-05
2013-07-17,0.0014165798736312518
2013-07-18,0.006762339479196577
2013-07-19,0.0008490239633003327
2013-07-22,0.002244893883603688
2013-07-23,-0.00047805031363665207
2013-07-24,-0.00631789031634436
2013-07-25,-0.0007786151627478533
2013-07-26,-0.0034326066693922686
2013-07-29,-0.00428800928205636
2013-07-30,-0.0007301870330472526
2013-07-31,5.0302755854936265e-05
2013-08-01,0.004595491848848915
2013-08-02,-0.0008117489801695299
2013-08-05,0.00033212939665500096
2013-08-06,-0.006392042105104606
2013-08-07,-0.004265343083331707
2013-08-08,0.005092834378714661
2013-08-09,-0.0006956703539590103
2013-08-12,0.007270999541869161
2013-08-13,-0.0026633102053130464
2013-08-14,0.0006326575149162295
2013-08-15,-0.004890799867937112
2013-08-16,-0.0026200606201635113
2013-08-19,-0.004565129651150551
2013-08-20,0.002785879758859744
2013-08-21,-0.0037441374012349704
2013-08-22,0.0052607320650571165
2013-08-23,0.004439074659352726
2013-08-26,0.0021823851406364003
2013-08-27,-0.004607443946026579
2013-08-28,-0.0018876012564516265
2013-08-29,0.0028331621905824944
2013-08-30,-0.007525820833286456
2013-09-02,0.001669503136228434
2013-09-03,6.0087444587186845e-06
2013-09-04,0.0008081223989009068
2013-09-05,-0.0008272128726934946
2013-09-06,0.004025396805420023
2013-09-09,0.004643799806932775
2013-09-10,0.0031226428044758836
2013-09-11,0.0007600979027923005
2013-09-12,-0.0006737186431716724
2013-09-13,0.0006577864083884555
2013-09-16,0.0016403201244721555
2013-09-17,0.0004766528640125778
2013-09-18,0.007757159742727726
2013-09-19,0.003301560619806354
2013-09-20,-0.0038508146320494763
2013-09-23,-0.0038541568471739673
2013-09-24,0.002239442630810773
2013-09-25,0.0026211159452218247
2013-09-26,0.0002819158841518288
2013-09-27,-0.0006287266395358093
2013-09-30,-0.003316357668819103
2013-10-01,0.0034080142004163094
2013-10-02,-9.726892712505486e-05
2013-10-03,-0.005824273791770834
2013-10-04,0.0037844860882054465
2013-10-07,-0.0017522096100144602
2013-10-08,-0.005009743224813762
2013-10-09,-0.006986783982524336
2013-10-10,0.011976933582293403
2013-10-11,0.006647649599636901
2013-10-14,0.0043259465399361485
2013-10-15,-0.0017851985445385965
2013-10-16,0.0032779381763391735
2013-10-17,0.005584330811073512
2013-10-18,0.007057852962880751
2013-10-21,-0.002915137674663726
2013-10-22,0.003999050232659507
2013-10-23,-0.0037264236406702733
2013-10-24,0.0027275420808068607
2013-10-25,0.0015811361749038522
2013-10-28,-0.001233662311348832
2013-10-29,-0.0008129153257640243
2013-10-30,-0.004475787802000586
2013-10-31,-0.006213999170412182
2013-11-01,-0.006786172775199384
2013-11-04,0.0038074332561240654
2013-11-05,-0.0025089220599819884
2013-11-06,-0.0007470889649988377
2013-11-07,-0.007341021185583024
2013-11-08,0.006919211665820657
2013-11-11,0.001154931517868163
2013-11-12,-0.001539768591921703
2013-11-13,0.0016864209276773179
2013-11-14,0.004636841908867095
2013-11-15,0.0007970525557148
2013-11-18,-0.0005913582280538399
2013-11-19,-0.004654869989876909
2013-11-20,-0.0005989970263164668
2013-11-21,0.007735439963265089
2013-11-22,0.004469629972689071
2013-11-25,0.0017981390846356082
2013-11-26,0.002097738303122487
2013-11-27,0.003390576468809664
2013-11-28,0.0011831636831636794
2013-11-29,0.0017193912360311259
2013-12-02,-0.008463657625002535
2013-12-03,-0.00022042329433472063
2013-12-04,0.0003460141202728251
2013-12-05,-0.0002904206714295088
2013-12-06,0.005280633825485492
2013-12-09,0.0008031144790241473
2013-12-10,-0.0015552988334589513
2013-12-11,-0.008378069726559384
2013-12-12,-0.0001878763167756925
2013-12-13,0.00046662234718705675
2013-12-16,0.005859117936125008
2013-12-17,-0.001957158566779249
2013-12-18,0.005556534625652421
2013-12-19,0.0008565193050651121
2013-12-20,0.008145340108995425
2013-12-23,0.003838622845048295
2013-12-24,0.0019364426076342312
2013-12-26,-0.0001337971635000934
2013-12-27,-0.0007619204698322557
2013-12-30,-0.00020177766420345633
2013-12-31,-0.0024149555251741506
2014-01-02,-0.00563396109730685
2014-01-03,0.0005599036686289027
2014-01-06,-0.0017822133113400418
2014-01-07,0.0035142948133285723
2014-01-08,-0.0044214248535958955
2014-01-09,-0.004259612299683274
2014-01-10,0.005787632202133464
2014-01-13,0.0002655182802083489
2014-01-14,0.0025609273765345997
2014-01-15,0.0032184853513400613
2014-01-16,0.0007692764307749567
2014-01-17,1.3605993533227778e-06
2014-01-20,-0.00022744548434605605
2014-01-21,0.0014634467898740067
2014-01-22,0.004860722810264284
2014-01-23,-0.002501860740215661
2014-01-24,-0.008173137186698515
2014-01-27,-0.00883940597365429
2014-01-28,0.003001979715658104
2014-01-29,0.0003546597257600981
2014-01-30,0.0008795279515157184
2014-01-31,-0.0034794594738160323
2014-02-03,-0.013016943190796576
2014-02-04,0.0053021888832107955
2014-02-05,-0.005450617937621499
2014-02-06,0.00546528566301252
2014-02-07,0.003572700077024926
2014-02-10,-0.00018444501007233716
2014-02-11,0.007521033331002291
2014-02-12,0.0024720766241428382
2014-02-13,0.00697557873071547
2014-02-14,0.0032357398824764128
2014-02-17,0.0008150766557445954
2014-02-18,0.009979504066520595
2014-02-19,-0.0018250153809563907
2014-02-20,0.0003083620298730272
2014-02-21,0.003502341089477723
2014-02-24,0.0045824806383892025
2014-02-25,0.000865483509014997
2014-02-26,0.0018957785478023181
2014-02-27,0.0017769304446832446
2014-02-28,0.0026034273938789487
2014-03-03,-0.0017031669247481729
2014-03-04,0.014797892599749202
2014-03-05,-0.0026796696532780384
2014-03-06,0.002703641805030327
2014-03-07,-0.0027421131293070278
2014-03-10,-0.00284875389379316
2014-03-11,-0.0036115372138043333
2014-03-12,0.0006863498840715132
2014-03-13,-0.0045675817889064
2014-03-14,0.0018163958408344283
2014-03-17,0.001229642300864503
2014-03-18,0.006482422643710295
2014-03-19,-0.002347058172379235
2014-03-20,-0.0027828637658053046
2014-03-21,0.0012152463441248706
2014-03-24,-0.008299159741713302
2014-03-25,0.0006628182782204561
2014-03-26,-0.004896277477961369
2014-03-27,-0.0010885271766155613
2014-03-28,0.0017928823698161456
2014-03-31,0.004672371126158037
2014-04-01,0.004500449500153353
2014-04-02,0.00253571438262043
2014-04-03,-0.0020553017964815845
2014-04-04,-0.0053052552075741055
2014-04-07,-0.007682089388379415
2014-04-08,0.007700944552038569
2014-04-09,0.00278332278413132
2014-04-10,-0.007823619577897928
2014-04-11,-0.005438047848188049
2014-04-14,0.0018877717935603389
2014-04-15,-0.01000316840440213
2014-04-16,0.012159848942931373
2014-04-17,0.00468731176852516
2014-04-21,-0.0009640147224492246
2014-04-22,0.006471520169933798
2014-04-23,-0.0015416174645473124
2014-04-24,0.0007454679895307625
2014-04-25,-0.007722715068482294
2014-04-28,-0.004900772165970402
2014-04-29,0.0033858730273630677
2014-04-30,-0.0013890396982539077
2014-05-01,-0.00024179980280622515
2014-05-02,0.002358385061796364
2014-05-05,-0.00021160922520360725
2014-05-06,-0.005526230896656492
2014-05-07,-0.004201026252452195
2014-05-08,0.0022240800364146662
2014-05-09,-0.0038055354993170865
2014-05-12,0.01325216944659699
2014-05-13,-0.0018793372484559034
2014-05-14,-0.007096141245767351
2014-05-15,-0.009417394648860877
2014-05-16,0.002149068637421786
2014-05-19,0.007790550623528236
2014-05-20,-0.0068948958063659305
2014-05-21,-2.0650124004178982e-05
2014-05-22,0.006243264956991457
2014-05-23,0.004888600295488987
2014-05-27,0.004734288972427614
2014-05-28,-0.001028843305685312
2014-05-29,0.0019581997549176777
2014-05-30,-0.0037148552090173204
2014-06-02,-0.0022698369665516693
2014-06-03,-0.004073313221744257
2014-06-04,0.0015087278642275104
2014-06-05,0.007157249584864966
2014-06-06,0.01036562567388627
2014-06-09,0.00367098750781214
2014-06-10,-0.00270156023785037
2014-06-11,-0.0036014251108711093
2014-06-12,0.0014330266190345498
2014-06-13,0.00042704169363458333
2014-06-16,-0.0004920516666103714
2014-06-17,0.005522384581800238
2014-06-18,0.0011883616737851377
2014-06-19,0.005218487443337139
2014-06-20,0.0018979945965195422
2014-06-23,-0.001611301117492886
2014-06-24,-2.7940615918847778e-05
2014-06-25,-0.00027300553763884294
2014-06-26,-0.0006420315236921326
2014-06-27,0.003044247402449296
2014-06-30,-0.0009178577742550709
2014-07-01,0.005898734430013403
2014-07-02,-0.004619563557950207
2014-07-03,0.001724321252550537
2014-07-04,-0.0007278606909537078
2014-07-07,-0.009146916910717423
2014-07-08,-0.007159348316801567
2014-07-09,0.0003338960765887633
2014-07-10,-0.0062189747774452075
2014-07-11,-0.003455608557221157
2014-07-14,0.004184926371869541
2014-07-15,-0.007323531835769059
2014-07-16,-0.0005103804013548985
2014-07-17,-0.004265208259448955
2014-07-18,0.003105334661079512
2014-07-21,-0.00110624294545153
2014-07-22,0.0032672957071817887
2014-07-23,0.0009686844307827125
2014-07-24,-0.0009475112501713401
2014-07-25,-0.005386120036557751
2014-07-28,-0.0018160132422169462
2014-07-29,-0.0006692390848914154
2014-07-30,8.296495234580425e-05
2014-07-31,-0.013943120602998182
2014-08-01,-0.005054987327999555
2014-08-04,0.004771902342120493
2014-08-05,0.0006293139623067268
2014-08-06,0.003306527928486569
2014-08-07,-0.0036281578806300063
2014-08-08,0.003503403393809945
2014-08-11,0.006969167343705895
2014-08-12,-0.005865650706685904
2014-08-13,0.0017187036553739932
2014-08-14,-0.0002420465156346141
2014-08-15,-0.0005593806453823291
2014-08-18,0.005897989986838242
2014-08-19,0.001502879227839149
2014-08-20,-0.0014430409775625097
2014-08-21,0.0012164573060852724
2014-08-22,0.0006284341038328145
2014-08-25,0.0004640807666144997
2014-08-26,0.006289990306720172
2014-08-27,0.00033489801681388376
2014-08-28,-0.0011102952954717138
2014-08-29,0.0026519408185471938
2014-09-01,0.0007697686117070224
2014-09-02,-0.0020259971570655844
2014-09-03,-0.0017532232351218646
2014-09-04,-0.0015365884971130783
2014-09-05,-0.0015637752822521
2014-09-08,0.0007237039028112346
2014-09-09,-0.0062028595352227045
2014-09-10,-0.0039368226595273
2014-09-11,0.0018627293104410692
2014-09-12,-0.005749180421775274
2014-09-15,-0.005316599532574712
2014-09-16,0.002401889930867651
2014-09-17,0.001575266270970349
2014-09-18,-0.0017222404549049053
2014-09-19,-0.005531412626035015
2014-09-22,-0.010169370921213006
2014-09-23,-0.0031150794592262887
2014-09-24,0.0018498047784642757
2014-09-25,-0.0077833925368105406
2014-09-26,0.003133784817305918
2014-09-29,0.0027983720003063872
2014-09-30,-0.00715412149821365
2014-10-01,-0.0072320856512471665
2014-10-02,-0.00103813190144883
2014-10-03,0.006494203210494265
2014-10-06,0.00013910379682677276
2014-10-07,-0.00561429690120363
2014-10-08,0.0008107197873015171
2014-10-09,-0.0037285719708692044
2014-10-10,-0.008851863978583618
2014-10-13,0.0005294754286953585
2014-10-14,0.004888916642358188
2014-10-15,-0.004929648227741418
2014-10-16,0.010587287462082762
2014-10-17,0.0009018441680589406
2014-10-20,0.0009111366855596437
2014-10-21,0.009822393134154506
2014-10-22,-0.00355822536608566
2014-10-23,0.0057287427200585495
2014-10-24,-0.0026635203827747866
2014-10-27,-0.00015308864710666947
2014-10-28,0.015153300452392438
2014-10-29,0.0026212759062156643
2014-10-30,0.0012443850480574892
2014-10-31,0.0069685203965308695
2014-11-03,0.000667903426725569
2014-11-04,-0.005638757062072786
2014-11-05,0.0015993813253067646
2014-11-06,0.0019736469366818388
2014-11-07,0.002966785821673368
2014-11-10,-0.0005050085403256188
2014-11-11,0.0027157702164677944
2014-11-12,0.001071339156923229
2014-11-13,-0.0048525649645485
2014-11-14,0.0007123147382138983
2014-11-17,-0.003427201226643417
2014-11-18,0.0008400547417787285
2014-11-19,-0.006300726269127949
2014-11-20,0.007638852341949054
2014-11-21,0.004097012316658211
2014-11-24,0.0007211542344519872
2014-11-25,0.0025903807616119434
2014-11-26,0.0008441532240793526
2014-11-27,0.001470317956258016
2014-11-28,-0.01436202702061537
2014-12-01,-0.00482353484867179
2014-12-02,-0.0016349840472128785
2014-12-03,0.003340945789632316
2014-12-04,-0.003777838736594652
2014-12-05,0.0040825182046269615
2014-12-08,-0.005478943251964463
2014-12-09,0.0034450352422155106
2014-12-10,-0.005468228637326239
2014-12-11,-0.00037528670503919614
2014-12-12,-0.0064946287032631445
2014-12-15,-0.008833882515343477
2014-12-16,0.001526805185315644
2014-12-17,0.005831085865371233
2014-12-18,0.010262487646711227
2014-12-19,0.002734277043185074
2014-12-22,-0.0019551696297031296
2014-12-23,0.0044443624082145805
2014-12-24,-0.00526270540260898
2014-12-26,0.0023865470674704903
2014-12-29,0.002819271172213589
2014-12-30,-0.0005097641854854285
2014-12-31,-0.00609278422563625
2015-01-02,-0.008046083524085035
2015-01-05,-0.002100230106922868
2015-01-06,-0.007781818065691309
2015-01-07,0.0003312985518480749
2015-01-08,0.010010116517775364
2015-01-09,-0.004035042215066481
2015-01-12,-0.00644036088139005
2015-01-13,0.001171582633862217
2015-01-14,-0.0015029672361849822
2015-01-15,-0.0068571603908059164
2015-01-16,0.007641122201492656
2015-01-19,0.0004916719956610527
2015-01-20,-0.005485929610538842
2015-01-21,0.0022815145682402727
2015-01-22,0.005105994401509023
2015-01-23,0.000577901640789108
2015-01-26,0.0008949016972805424
2015-01-27,0.0005369529714591148
2015-01-28,-0.00912860627980358
2015-01-29,-0.0026450625947230244
2015-01-30,-0.0017725075414297131
2015-02-02,0.003799569140231107
2015-02-03,0.015292335755795139
2015-02-04,-0.004135322782293227
2015-02-05,0.006069043842271082
2015-02-06,0.0009149046783807624
2015-02-09,-0.001966269882541505
2015-02-10,-0.004677635782164374
2015-02-11,-0.0006202973909900933
2015-02-12,0.007416234722871284
2015-02-13,0.006632798578095678
2015-02-16,0.0009028950321437468
2015-02-17,-0.001397058672668955
2015-02-18,-0.0026167375916481272
2015-02-19,0.001025228066296291
2015-02-20,-0.0018685372242213116
2015-02-23,-0.0015053321910122597
2015-02-24,0.0024102415030239355
2015-02-25,0.003398564212976213
2015-02-26,-0.00021393983816594964
2015-02-27,0.0003830589315404198
2015-03-02,-0.0013795716538725356
2015-03-03,-0.0024844069127006874
2015-03-04,-0.0020807525734733434
2015-03-05,2.55443525018495e-05
2015-03-06,-0.010396577582145072
2015-03-09,-0.00015059838779080126
2015-03-10,-0.007149752316625818
2015-03-11,0.0032550589083814585
2015-03-12,0.007614927201652577
2015-03-13,-0.0058020038261829
2015-03-16,0.0029776081015488454
2015-03-17,-0.001235090413425205
2015-03-18,0.010316587744324202
2015-03-19,-0.0011195897040842118
2015-03-20,0.009543022968026116
2015-03-23,0.00537201769685508
2015-03-24,-0.002584927701086842
2015-03-25,-0.008594373895011609
2015-03-26,-0.0024015459783216786
2015-03-27,-0.0023409764649932885
2015-03-30,0.006759107846232487
2015-03-31,-0.003796854101973779
2015-04-01,0.004820135579747253
2015-04-02,0.003091420991588212
2015-04-06,0.0035038442306236095
2015-04-07,0.00039087762238668167
2015-04-08,-0.00401833590500969
2015-04-09,-0.005245677331975257
2015-04-10,0.006412145841937084
2015-04-13,-0.00046011687659999745
2015-04-14,0.0017239317185294978
2015-04-15,0.00733280213837173
2015-04-16,0.00221814001052531
2015-04-17,-0.008228579972296063
2015-04-20,0.0024861321852209795
2015-04-21,-0.0015093249245963225
2015-04-22,-0.0009405911695526681
2015-04-23,0.0035873108228708928
2015-04-24,0.0012157584553096346
2015-04-27,-0.0025469228734717464
2015-04-28,0.001436050888588919
2015-04-29,-0.0036531874781889906
2015-04-30,-0.006200528071609229
2015-05-01,-0.0015850323938547406
2015-05-04,0.000726484747599343
2015-05-05,-0.0020158573322068274
2015-05-06,-0.0008338533142010496
2015-05-07,-0.001492666762302114
2015-05-08,0.008321303813908776
2015-05-11,-0.0017924956798071878
2015-05-12,-0.000604960973173696
2015-05-13,2.2070360499726327e-06
2015-05-14,0.006385977681936217
2015-05-15,0.0004283127980782009
2015-05-18,0.0027231336446474907
2015-05-19,-0.004949998557296137
2015-05-20,-0.0001655587490756727
2015-05-21,0.0033409436778784884
2015-05-22,-0.0056152164676386285
2015-05-26,-0.010394538542008558
2015-05-27,0.002318008255160653
2015-05-28,0.0019344295226879082
2015-05-29,-0.0014308647123132678
2015-06-01,0.002486616442966827
2015-06-02,0.002716879736687272
2015-06-03,0.0010087658691129153
2015-06-04,-0.0059234151696018755
2015-06-05,0.00031034233558663304
2015-06-08,0.0012833812976142944
2015-06-09,0.0007045191251844884
2015-06-10,0.008850709717689614
2015-06-11,-0.0033329642809299953
2015-06-12,-0.0020460820106376343
2015-06-15,-0.003079744696547898
2015-06-16,0.00388526766197389
2015-06-17,-8.044607581514374e-05
2015-06-18,0.005685296829055886
2015-06-19,-0.001123569120371204
2015-06-22,0.0028090476538736864
2015-06-23,0.0018612323526395191
2015-06-24,-0.0028941652915027705
2015-06-25,-0.00048459794503152853
2015-06-26,1.8800235677129962e-06
2015-06-29,-0.010000902775369108
2015-06-30,0.0027044294226301058
2015-07-01,-0.00046932544029376633
2015-07-02,-0.004271603560818793
2015-07-03,-0.0004376636751209084
2015-07-06,-0.007786203182105544
2015-07-07,-0.004914146726089613
2015-07-08,-0.003092577257182816
2015-07-09,0.004390923843383104
2015-07-10,0.005022036972714583
2015-07-13,0.005216784616455222
2015-07-14,0.0024121964781247396
2015-07-15,-0.003977624462504575
2015-07-16,0.0010195676584922042
2015-07-17,-0.00457650951818217
2015-07-20,-0.007174148742167125
2015-07-21,-0.002090969263755127
2015-07-22,-0.0018800840280427666
2015-07-23,-0.005532674276791327
2015-07-24,-0.009310385594212212
2015-07-27,-0.01052077538559204
2015-07-28,0.0045220218936624645
2015-07-29,0.0042701503769892735
2015-07-30,-0.000676424001519349
2015-07-31,-0.0011421624188377166
2015-08-03,-0.006047912800731442
2015-08-04,0.0009496437690735826
2015-08-05,-0.0008945311738981221
2015-08-06,-0.006656148215537366
2015-08-07,-0.0038457283014587673
2015-08-10,0.011413206913642865
2015-08-11,-0.005224762572767605
2015-08-12,-0.004208557326491308
2015-08-13,-0.000475543374054227
2015-08-14,-0.000646714114418967
2015-08-17,0.003794232241423834
2015-08-18,-0.0034350753899643205
2015-08-19,-0.00900732790809114
2015-08-20,-0.004063367013345948
2015-08-21,-0.013447904590489362
2015-08-24,-0.02216170961661859
2015-08-25,-0.002940914743735701
2015-08-26,-0.0006188675980871583
2015-08-27,0.020358977346032203
2015-08-28,0.01182326971215747
2015-08-31,0.003940208076237517
2015-09-01,-0.01861144150692559
2015-09-02,0.0031668333014273076
2015-09-03,0.00703456177391143
2015-09-04,-0.008891108715892077
2015-09-07,0.0008311111162968565
2015-09-08,0.009834743333434925
2015-09-09,-0.005264946074424459
2015-09-10,0.0025781562123814716
2015-09-11,-0.00014051104597803676
2015-09-14,-0.001744683448654888
2015-09-15,0.0046037671281888015
2015-09-16,0.007877715322398421
2015-09-17,0.00040656216329318373
2015-09-18,-0.009334066775424671
2015-09-21,0.004486575208788257
2015-09-22,-0.012946242148256126
2015-09-23,-0.002219578897290214
2015-09-24,-0.0005102925011065684
2015-09-25,0.0019620304241496356
2015-09-28,-0.0157517620074977
2015-09-29,-0.002916434457401834
2015-09-30,0.004991497168130132
2015-10-01,-0.003207168683595385
2015-10-02,0.0059317985061366485
2015-10-05,0.018826952694430382
2015-10-06,0.005584787713242306
2015-10-07,0.003503911107595098
2015-10-08,0.007063009061302222
2015-10-09,0.004941057432926083
2015-10-12,-0.0036250127918595054
2015-10-13,-0.002860155010515786
2015-10-14,-0.005717790661228822
2015-10-15,0.004134646687838944
2015-10-16,0.002345123187953352
2015-10-19,-0.0025799594308722473
2015-10-20,0.0026018875528402985
2015-10-21,-0.007136607336264145
2015-10-22,0.0024283718988888925
2015-10-23,-0.0011596810036103022
2015-10-26,-0.0023025963434586405
2015-10-27,-0.0075720787073887685
2015-10-28,0.014241939352090005
2015-10-29,-0.004798076656769734
2015-10-30,-0.002843190242588167
2015-11-02,0.005397387587393249
2015-11-03,0.006821479037951023
2015-11-04,-0.004942460723211389
2015-11-05,-0.001991304704572122
2015-11-06,-0.0012654759932947124
2015-11-09,-0.007577263750020463
2015-11-10,0.00037751542165023744
2015-11-11,-0.002886997483805248
2015-11-12,-0.010737825236783877
2015-11-13,-0.005388250022124924
2015-11-16,0.00029377745385958387
2015-11-17,0.0005172577378059762
2015-11-18,0.002408583500723205
2015-11-19,0.0025914750535560305
2015-11-20,0.0018802158262188895
2015-11-23,0.002115716912437532
2015-11-24,0.0034461082885787475
2015-11-25,0.00501361995386701
2015-11-26,0.0027011072959444715
2015-11-27,-0.003494687739974356
2015-11-30,-0.001538630146005221
2015-12-01,0.0040473701050804944
2015-12-02,-0.007479071681761429
2015-12-03,-0.003413729195937576
2015-12-04,0.00024280251341432524
2015-12-07,-0.013749183761243233
2015-12-08,-0.0045967118566588305
2015-12-09,-0.002828147548725568
2015-12-10,-0.0025173872390354124
2015-12-11,-0.009756377029594587
2015-12-14,-0.008015672094281473
2015-12-15,0.003910635879378788
2015-12-16,0.004220093795705704
2015-12-17,-0.0036090590649866527
2015-12-18,-0.0017879275524054494
2015-12-21,0.00034082745439517614
2015-12-22,0.0023141509684925787
2015-12-23,0.012752037607825006
2015-12-24,-0.0002559248023820959
2015-12-28,-0.00312912050580208
2015-12-29,0.007044775081097299
2015-12-30,-0.005056925272268836
2015-12-31,-0.005118237235365114
2016-01-04,-0.01556616965202648
2016-01-05,0.0018126437744220292
2016-01-06,-0.007056096031217041
2016-01-07,-0.01253792307634341
2016-01-08,-0.008818064458217645
2016-01-11,-0.00955909363644536
2016-01-12,-0.002837550383659765
2016-01-13,-0.006912381610421625
2016-01-14,-0.003208591533945676
2016-01-15,-0.012370982534298414
2016-01-18,0.0022037959562997422
2016-01-19,-0.002804510018055567
2016-01-20,-0.01011386287057578
2016-01-21,0.009960662535160841
2016-01-22,0.014206231650340101
2016-01-25,-0.011145156540911444
2016-01-26,0.011593086138466768
2016-01-27,0.0015698178809575303
2016-01-28,0.0019087900114003187
2016-01-29,0.01164572113214593
2016-02-01,-0.0049198634541069985
2016-02-02,-0.011797905794537211
2016-02-03,0.004560757495475576
2016-02-04,0.00388413524043818
2016-02-05,-0.012622386061152485
2016-02-08,-0.009691571167683488
2016-02-09,-0.005828529631699608
2016-02-10,0.0009138553510790182
2016-02-11,-0.0072583490072544166
2016-02-12,0.01210511043433743
2016-02-15,0.0031109683686098843
2016-02-16,0.0036393783691601733
2016-02-17,0.013909914861722883
2016-02-18,-0.00216166195918413
2016-02-19,0.0006312403635019559
2016-02-22,0.008603901548363324
2016-02-23,-0.006943772386450414
2016-02-24,0.0018669365733326448
2016-02-25,0.007775248625262854
2016-02-26,0.0032119710083806097
2016-02-29,0.0029513147070696077
2016-03-01,0.0061335501101881795
2016-03-02,0.006306652400853402
2016-03-03,0.007210645401552196
2016-03-04,0.010192045241654485
2016-03-07,0.008372849479773348
2016-03-08,-0.012093313814042383
2016-03-09,0.004212113081424662
2016-03-10,-0.0039536186614649305
2016-03-11,0.011582189512205021
2016-03-14,-0.0032135961458427675
2016-03-15,-0.0076762732433700576
2016-03-16,0.007091465546867043
2016-03-17,0.011984949336260209
2016-03-18,0.005632929042039797
2016-03-21,-0.002547572747433502
2016-03-22,0.0011977807351506997
2016-03-23,-0.014645754443470493
2016-03-24,-0.00299508929930567
2016-03-28,0.0011603047117212384
2016-03-29,0.00971336523112265
2016-03-30,0.004219350508228303
2016-03-31,0.0015976372663951965
2016-04-01,-0.0036166983706014955
2016-04-04,-0.004908774877248084
2016-04-05,-0.0048285080040691986
2016-04-06,0.003300012985816586
2016-04-07,-0.004509914468091625
2016-04-08,0.007407438275237294
2016-04-11,0.0018576157701120644
2016-04-12,0.00987780706732716
2016-04-13,0.009265249716945367
2016-04-14,-0.0004040845878738042
2016-04-15,0.00035460756325414455
2016-04-18,0.003350971703956318
2016-04-19,0.009308684200864004
2016-04-20,0.005264443525031526
2016-04-21,-0.003766664625245719
2016-04-22,-0.0003219542160899924
2016-04-25,-0.0021849290306044378
2016-04-26,0.007397353568442705
2016-04-27,0.00393996557464793
2016-04-28,0.00027187030818390245
2016-04-29,-0.0041664313168726375
2016-05-02,-0.0004383651661763188
2016-05-03,-0.009778090214584256
2016-05-04,-0.0021208752242588835
2016-05-05,-0.00328995032743018
2016-05-06,0.003773531109568712
2016-05-09,-0.004840958735668394
2016-05-10,0.010394792881167403
2016-05-11,0.0017448867422781011
2016-05-12,-0.004058932634716184
2016-05-13,-0.001566489920720865
2016-05-16,0.0060509354342806465
2016-05-17,-0.0018244433872104115
2016-05-18,-0.005360177014078732
2016-05-19,-0.007298681951551145
2016-05-20,0.010032683162797706
2016-05-23,-0.0012511090975166617
2016-05-24,0.007410286884859146
2016-05-25,0.006609228338792961
2016-05-26,-0.00020250557362902488
2016-05-27,0.005044547212271766
2016-05-31,0.0010521786431118285
2016-06-01,0.005024432824577069
2016-06-02,0.004299250167660751
2016-06-03,0.0009245581310852458
2016-06-06,0.008740678808030061
2016-06-07,0.003414326146711888
2016-06-08,0.008662424848401629
2016-06-09,-0.0021080053428863543
2016-06-10,-0.007161487203181549
2016-06-13,-0.00562796177654426
2016-06-14,-0.005234641573894638
2016-06-15,0.0014664189987989018
2016-06-16,-0.006276845312672891
2016-06-17,0.005939550374629843
2016-06-20,0.008302588437723912
2016-06-21,-0.0054176144706062634
2016-06-22,-0.0017570603006231977
2016-06-23,0.007728969505492761
2016-06-24,-0.019378793988276827
2016-06-27,-0.016831840967062944
2016-06-28,0.010584209483811113
2016-06-29,0.013553495779379199
2016-06-30,0.007750492627059874
2016-07-01,0.007700945493722133
2016-07-04,0.000623213043944526
2016-07-05,-0.015378154887710938
2016-07-06,0.0013165455911416934
2016-07-07,-0.00454094911307848
2016-07-08,0.014180678600013319
2016-07-11,0.00481377435989927
2016-07-12,0.011026981742361414
2016-07-13,-0.0022080930037704227
2016-07-14,0.001123865394161011
2016-07-15,-0.0011603109981328241
2016-07-18,0.0009866827995691774
2016-07-19,-0.0040614435730735865
2016-07-20,-0.0017194424043952272
2016-07-21,-0.0007238687923488418
2016-07-22,0.0006126233545553361
2016-07-25,-0.0033454371914069803
2016-07-26,0.0010431223667764777
2016-07-27,0.0010125831196514667
2016-07-28,-0.0007987638419053034
2016-07-29,0.004278904263665728
2016-08-01,-0.004614628247248731
2016-08-02,-0.010535663825692015
2016-08-03,0.006542393849713141
2016-08-04,0.0020873430009301086
2016-08-05,0.007189505148467612
2016-08-08,0.0016104326760028043
2016-08-09,-0.0010659004938075312
2016-08-10,-0.005125394166086428
2016-08-11,0.0047491550039791
2016-08-12,0.0013219502489263402
2016-08-15,0.008377327074463287
2016-08-16,-0.0024814183357189656
2016-08-17,-0.0018846808456255137
2016-08-18,0.008099390412354968
2016-08-19,-0.0021189683484763022
2016-08-22,-0.0021626761373284287
2016-08-23,0.00648804230929062
2016-08-24,-0.005286337049498824
2016-08-25,-0.00014624267875365526
2016-08-26,-0.00043956755207988363
2016-08-29,0.0003715052106462169
2016-08-30,-0.0025337496485907385
2016-08-31,-0.005909762916449318
2016-09-01,-0.0033827786235555435
2016-09-02,0.007783116656089051
2016-09-05,0.0005437900357843084
2016-09-06,0.0019173719409755763
2016-09-07,0.0045816989106240436
2016-09-08,0.0036335783463165017
2016-09-09,-0.01587919052043732
2016-09-12,-0.0005467784409318721
2016-09-13,-0.01110425894996489
2016-09-14,-0.0008163256298066857
2016-09-15,0.005699075719555358
2016-09-16,0.0003112676483893462
2016-09-19,0.005875216344817691
2016-09-20,0.0007201945256937736
2016-09-21,0.005667831911806365
2016-09-22,0.01065474071075101
2016-09-23,-0.004243457298257591
2016-09-26,-0.0045663578954818485
2016-09-27,-0.0018757661374549095
2016-09-28,0.006261443147087098
2016-09-29,-0.001339191361916181
2016-09-30,0.003008472722656891
2016-10-03,-0.0011228185600470064
2016-10-04,-0.0030490793267590743
2016-10-05,0.004019727627220332
2016-10-06,-0.003095234574812644
2016-10-07,-0.00237075824927635
2016-10-10,0.009450573405476448
2016-10-11,-0.010140137878700883
2016-10-12,-0.0011223840902970517
2016-10-13,-0.0030674870843269697
2016-10-14,-0.0006353498760365561
2016-10-17,-0.0008372109683747186
2016-10-18,0.004124111755076432
2016-10-19,0.003706624461872532
2016-10-20,-0.004727629011490847
2016-10-21,0.0003757435119881858
2016-10-24,0.0036682631600314375
2016-10-25,-0.004477923845874199
2016-10-26,-0.003715857350895302
2016-10-27,-0.004879532451261298
2016-10-28,-0.0020332856444483793
2016-10-31,-0.0029482147506074696
2016-11-01,-0.006655806611890858
2016-11-02,-0.007634719341059554
2016-11-03,-0.0028282764994624343
2016-11-04,0.0033849536948840075
2016-11-07,0.011660775729822076
2016-11-08,-0.00040513815711804013
2016-11-09,0.012422828238324413
2016-11-10,0.009216334475577653
2016-11-11,0.0027060862244236983
2016-11-14,0.011240221048883836
2016-11-15,0.0026348627639397326
2016-11-16,0.00016493927825797505
2016-11-17,0.0021089399958265642
2016-11-18,0.0026453814915780582
2016-11-21,0.008413104173990354
2016-11-22,0.004829720400789134
2016-11-23,0.00361402861142876
2016-11-24,0.002424776999884304
2016-11-25,0.0005632604609314973
2016-11-28,-0.002697003776325757
2016-11-29,-0.005657241191804774
2016-11-30,0.0038691679461062556
2016-12-01,0.0015535551306229967
2016-12-02,0.0012937629455543609
2016-12-05,0.009661146978612228
2016-12-06,0.0032905549709447146
2016-12-07,0.004600582082925131
2016-12-08,0.010046192981364582
2016-12-09,0.003030971869795146
2016-12-12,-0.004171790388770719
2016-12-13,-0.0015640825738059416
2016-12-14,-0.006128434994584153
2016-12-15,-0.00034534984227199694
2016-12-16,-0.0006839387912156714
2016-12-19,0.0008134598127642889
2016-12-20,0.003136523560270277
2016-12-21,-0.00017497587109732704
2016-12-22,-0.007486453400812054
2016-12-23,0.0011856159098367347
2016-12-27,0.005195037039276429
2016-12-28,0.00031791438488162904
2016-12-29,-0.0013655646727784854
2016-12-30,-0.0005879369375754173
2017-01-03,-0.0031312648952807054
2017-01-04,0.011177584107758654
2017-01-05,-0.0032663986933986477
2017-01-06,-0.0019958705265044896
2017-01-09,-0.007046359467825669
2017-01-10,0.005140287916262476
2017-01-11,0.0026348172961435656
2017-01-12,-0.002677991030475918
2017-01-13,0.007157094049627999
2017-01-16,-0.0005815756823821516
2017-01-17,-0.00499271203847626
2017-01-18,-0.0011507949718451982
2017-01-19,-0.004692368745091602
2017-01-20,0.002126036880738147
2017-01-23,-0.0005508499973774783
2017-01-24,0.005858754295560098
2017-01-25,0.00710259993894391
2017-01-26,-0.00421562013729157
2017-01-27,-0.0025623711948535577
2017-01-30,-0.011136283635804323
2017-01-31,0.004392430735035091
2017-02-01,0.0019015667046097806
2017-02-02,-0.0007108290735788336
2017-02-03,0.004343457899325942
2017-02-06,-0.0017010204986450117
2017-02-07,-0.0021171685188134115
2017-02-08,-0.001697361192925656
2017-02-09,0.007904847421962125
2017-02-10,0.006238615182054652
2017-02-13,0.0004427516368219475
2017-02-14,0.0008340567052808334
2017-02-15,0.00294997951852749
2017-02-16,-0.0030142590182695994
2017-02-17,-0.001909625419567823
2017-02-20,0.001647004749502079
2017-02-21,0.0013560467946598653
2017-02-22,-0.0009462001974716583
2017-02-23,-0.004976810541750615
2017-02-24,0.0006584813104720533
2017-02-27,0.002306950114852324
2017-02-28,-0.0016387859179345932
2017-03-01,0.009503466805650007
2017-03-02,-0.009808131694252709
2017-03-03,-0.0036878676766989027
2017-03-06,-0.0036160062721983244
2017-03-07,-0.00420408641651604
2017-03-08,-0.008254576358894067
2017-03-09,-0.003741384450485996
2017-03-10,-0.002334694359460543
2017-03-13,0.0015214040683904917
2017-03-14,-0.0046297554319536804
2017-03-15,0.009476543963347406
2017-03-16,0.0035185733377692263
2017-03-17,0.0031863832596971675
2017-03-20,-0.0018307389697604926
2017-03-21,-0.012567168197712114
2017-03-22,-0.004515415960718944
2017-03-23,0.00619325878507232
2017-03-24,-0.0011794110669969826
2017-03-27,-0.0023971794856985085
2017-03-28,0.005767846506227525
2017-03-29,0.005198525564867107
2017-03-30,0.003990699681576504
2017-03-31,0.0023493585065252898
2017-04-03,-0.0072375453527709355
2017-04-04,0.001754386043114009
2017-04-05,-0.0028679153861061457
2017-04-06,0.0016175618499557898
2017-04-07,0.0009696308587729685
2017-04-10,0.001745225226561703
2017-04-11,0.0017836702155851758
2017-04-12,-0.004538442887384947
2017-04-13,-0.0029685168947903295
2017-04-17,0.0020206865787403827
2017-04-18,-0.002162832014706517
2017-04-19,0.00213310566317626
2017-04-20,0.0046406744152441
2017-04-21,-0.0017743057558971542
2017-04-24,0.00614894582740208
2017-04-25,0.006585505175101702
2017-04-26,0.0027278799140822985
2017-04-27,-0.0028792822078941294
2017-04-28,-0.0052697680291192706
2017-05-01,0.0022847066147222983
2017-05-02,-0.0046449216683284444
2017-05-03,-0.004106785512262762
2017-05-04,-0.0063503377477849565
2017-05-05,0.0040365116231179665
2017-05-08,-0.0033880229868057943
2017-05-09,-0.0010748983348441987
2017-05-10,0.00481092492049795
2017-05-11,-0.001679586747244749
2017-05-12,-0.00034242919798904703
2017-05-15,0.0043390986430209
2017-05-16,-0.0025971077794266773
2017-05-17,-0.009699938938987518
2017-05-18,-0.0015243190694739506
2017-05-19,0.009304880583358932
2017-05-22,0.004318443856823562
2017-05-23,0.0012279172981351505
2017-05-24,-0.0003362874978892483
2017-05-25,-0.002700176900548995
2017-05-26,-0.00017407290171883583
2017-05-30,-0.00587509136566311
2017-05-31,-0.0038930319964944338
2017-06-01,0.006546962456842553
2017-06-02,0.005819306870265578
2017-06-05,-0.003301409743015099
2017-06-06,-0.00043787245644691386
2017-06-07,0.00034051782227809135
2017-06-08,0.006294103468757528
2017-06-09,0.007960387006626546
2017-06-12,-0.003763256529813852
2017-06-13,0.0006638142485921039
2017-06-14,-0.005628078859657243
2017-06-15,-0.0018243917806829435
2017-06-16,-0.001240400948939402
2017-06-19,0.0005823981060144312
2017-06-20,-0.005427564132189616
2017-06-21,-0.004614736005532222
2017-06-22,-0.0004515860207452149
2017-06-23,0.0044047328109840245
2017-06-26,0.0021513758366632496
2017-06-27,0.0014178415935343636
2017-06-28,0.00611399914016153
2017-06-29,-0.0006976253061602711
2017-06-30,0.0034633215918443983
2017-07-03,0.006646129113320187
2017-07-04,-0.001032231554426305
2017-07-05,-0.005037200787156443
2017-07-06,-0.005096118892245122
2017-07-07,-0.0017771207189401228
2017-07-10,0.0008691343840912524
2017-07-11,0.0027385763478827707
2017-07-12,0.0034595355192431343
2017-07-13,-0.0030492311704113095
2017-07-14,0.00462892072609572
2017-07-17,0.0021027672063098635
2017-07-18,-2.878718079754594e-05
2017-07-19,0.0070134750376800725
2017-07-20,0.0005536174496151014
2017-07-21,-0.003747643636870801
2017-07-24,-0.0024254764587731126
2017-07-25,0.007486283623272999
2017-07-26,-0.0004868141292048156
2017-07-27,0.0005152346280647702
2017-07-28,-0.002405882176237273
2017-07-31,-0.0009918907416037182
2017-08-01,-0.005321287500174188
2017-08-02,-0.0035823143538862567
2017-08-03,-0.00368428307406643
2017-08-04,0.00191683454136099
2017-08-07,0.0009194522547548711
2017-08-08,0.002928688202656321
2017-08-09,-0.00587685263810625
2017-08-10,-0.009547052848978305
2017-08-11,-0.0026834907939620734
2017-08-14,0.006235460261212439
2017-08-15,-0.005262029555185038
2017-08-16,0.0010646833808813927
2017-08-17,-0.0069134070933653535
2017-08-18,-0.0009799132164511615
2017-08-21,-0.001700301158273687
2017-08-22,0.004302544901154837
2017-08-23,0.002206709946832641
2017-08-24,0.0022651687163310896
2017-08-25,0.0004551507079614825
2017-08-28,0.000895131131019189
2017-08-29,0.00021799800370389533
2017-08-30,0.0026468482022135587
2017-08-31,0.009995412452619395
2017-09-01,0.003008126415769752
2017-09-04,0.0022897425983607333
2017-09-05,-0.004651665465120358
2017-09-06,0.0015765988160844346
2017-09-07,-0.0009834891317415662
2017-09-08,-0.0018109759909384904
2017-09-11,0.004731993601309187
2017-09-12,0.003963220002106083
2017-09-13,0.0019832629800819457
2017-09-14,-0.00024169312056440684
2017-09-15,0.0017228347821012235
2017-09-18,0.0034563464011241607
2017-09-19,-0.0005504401638828371
2017-09-20,0.0034130675000222654
2017-09-21,-0.0024606262117188027
2017-09-22,0.0023889906513200887
2017-09-25,0.0034123222129922026
2017-09-26,-0.0007065885746642964
2017-09-27,0.0062399153324142476
2017-09-28,0.0032106127356043013
2017-09-29,0.0009200051873101689
2017-10-02,0.0004356615875213965
2017-10-03,0.002255036308285163
2017-10-04,0.0010600666520679813
2017-10-05,0.0028858076395597565
2017-10-06,-0.003580908046845327
2017-10-09,-0.0006381272721670272
2017-10-10,0.004431647358298596
2017-10-11,-0.00014603947325453337
2017-10-12,0.00039918986150014324
2017-10-13,0.0021816136515279416
2017-10-16,-0.000320486912820106
2017-10-17,-0.0023974722577683183
2017-10-18,0.00010119462103330701
2017-10-19,-0.0010857713048078588
2017-10-20,0.0025420943109309424
2017-10-23,-0.0011884119500856216
2017-10-24,0.001629821470993581
2017-10-25,-0.005507279037175378
2017-10-26,0.0031869087314356503
2017-10-27,0.0019656473708958844
2017-10-30,-0.0036965472060998816
2017-10-31,0.003770983404484174
2017-11-01,-0.001965153756436633
2017-11-02,0.003763588149010344
2017-11-03,-0.0020047176444252524
2017-11-06,0.005604443487988386
2017-11-07,-0.007115785221497528
2017-11-08,-0.0031872610476968155
2017-11-09,-0.0009135641483068724
2017-11-10,0.000559816990126194
2017-11-13,-0.002121725516992745
2017-11-14,-0.005405534032529413
2017-11-15,-0.00018222844902648916
2017-11-16,0.004945535239484544
2017-11-17,0.0052998607137196285
2017-11-20,0.0013875252258853388
2017-11-21,0.006599199615386908
2017-11-22,0.0026142196437341225
2017-11-23,-0.0003484320557491094
2017-11-24,-0.0006231917441353596
2017-11-27,-0.0014675004583244167
2017-11-28,0.005801956194393221
2017-11-29,0.004798085856749262
2017-11-30,-0.0026374270411189116
2017-12-01,-0.004099760126937857
2017-12-04,0.004811611055508341
2017-12-05,-0.007901946846368718
2017-12-06,-0.007746399353035893
2017-12-07,0.001146192671379942
2017-12-08,0.0010887760321784123
2017-12-11,0.00014017082909917322
2017-12-12,-0.0016440712022315618
2017-12-13,0.0009029766826871843
2017-12-14,-0.00237216541667834
2017-12-15,0.005456933908271122
2017-12-18,0.007735021857695312
2017-12-19,-0.0018647184194327815
2017-12-20,-0.0003207806201160901
2017-12-21,0.0012053532706415848
2017-12-22,0.0011629683704958704
2017-12-26,0.0031920999507371595
2017-12-27,0.0015058481932468393
2017-12-28,0.0029762273811184403
2017-12-29,0.0006165070330960143
2018-01-02,0.002459246752255978
2018-01-03,0.0007829187308595331
2018-01-04,5.7833124672584946e-05
2018-01-05,-0.0002460537892389203
2018-01-08,-0.00030178668797012365
2018-01-09,0.001725981954178335
2018-01-10,-0.0013243473591557642
2018-01-11,0.009165995534845206
2018-01-12,0.005537635380047423
2018-01-15,-0.0005588540347631066
2018-01-16,-0.0034871420097020156
2018-01-17,0.0005617134675273694
2018-01-18,-0.004217126670231913
2018-01-19,0.0050394456466299475
2018-01-22,0.0030830028641374296
2018-01-23,0.003357505178091358
2018-01-24,0.0024357757964613425
2018-01-25,-0.003459306490624675
2018-01-26,0.002686608036003013
2018-01-29,-0.00255216491699628
2018-01-30,-0.0056735848825232305
2018-01-31,-0.0034098215064279624
2018-02-01,5.5182942257425704e-05
2018-02-02,-0.014580301945266994
2018-02-05,-0.01491497584187268
2018-02-06,-0.007293742375353157
2018-02-07,0.0023165937315814955
2018-02-08,-0.012749105475913458
2018-02-09,-0.004543390899316768
2018-02-12,0.005942147464237407
2018-02-13,0.0034191816745985093
2018-02-14,0.011282188213208366
2018-02-15,0.006071085114443098
2018-02-16,0.0036154683197333892
2018-02-19,-0.0016438356164383827
2018-02-20,-0.002123346097390705
2018-02-21,0.0020115527232831276
2018-02-22,0.000585968457795849
2018-02-23,0.0017968935062377955
2018-02-26,0.005288606663488571
2018-02-27,-0.006276731039894873
2018-02-28,-0.008629969811073723
2018-03-01,-0.0017597482676741105
2018-03-02,0.001947681457584144
2018-03-05,0.008259014337966664
2018-03-06,0.004135008607291046
2018-03-07,0.002856049772802849
2018-03-08,-0.0021594745529819603
2018-03-09,0.008032654365267955
2018-03-12,0.0016433398038308011
2018-03-13,-0.002223744769696029
2018-03-14,-0.003473456152108284
2018-03-15,-0.0031691035836032277
2018-03-16,0.0038033058769036954
2018-03-19,-0.007385301482219525
2018-03-20,0.0005180293798230651
2018-03-21,0.006110120653980755
2018-03-22,-0.009913774528105074
2018-03-23,-0.010343858429969072
2018-03-26,0.0027117915740456078
2018-03-27,-0.0024447114951658133
2018-03-28,-0.003926718418111624
2018-03-29,0.008020742233445455
2018-04-02,-0.00742774560630885
2018-04-03,0.0019281176342554052
2018-04-04,0.0028639533929637473
2018-04-05,0.008512733422206598
2018-04-06,-0.008401319949270764
2018-04-07,7.22473750120467e-05
2018-04-09,0.003270040534144286
2018-04-10,0.009417340136481434
2018-04-11,0.0023040565662847956
2018-04-12,0.002732130922859538
2018-04-13,-0.0009922615564334492
2018-04-16,0.002685604044991463
2018-04-17,0.005121712876410944
2018-04-18,0.006894376326548102
2018-04-19,-0.004183263314527591
2018-04-20,-0.0035416490626501707
2018-04-23,-0.0026393009974932657
2018-04-24,-0.0003819643986069654
2018-04-25,-0.0031806521372238217
2018-04-26,0.001678073106802347
2018-04-27,0.0003546564953404996
2018-04-30,-0.0018086832481796489
2018-05-01,-0.0032008334908226466
2018-05-02,0.004815298214881691
2018-05-03,-0.0037319939533775326
2018-05-04,0.008197940473645693
2018-05-07,0.0003369662508902471
2018-05-08,0.005312505402318174
2018-05-09,0.003045165004525785
2018-05-10,0.004616035176033179
2018-05-11,-0.0009274453507550073
2018-05-12,0.0006802060052473191
2018-05-14,0.0001096109797377176
2018-05-15,-0.0010000876863391073
2018-05-16,0.003365517930620787
2018-05-17,0.005401389963718695
2018-05-18,2.8167572382831185e-05
2018-05-21,0.005736228610756844
2018-05-22,-0.0009025970669862826
2018-05-23,-0.0005001372556250328
2018-05-24,-0.0007742880166660138
2018-05-25,-0.0005673523521750878
2018-05-29,-0.0018273856555731938
2018-05-30,0.00901243185523981
2018-05-31,-0.002809164688582444
2018-06-01,0.0006554024523861557
2018-06-03,-0.0001447038394752076
2018-06-04,-0.0014203886041004865
2018-06-05,0.002268765120078564
2018-06-06,0.002870438897485894
2018-06-07,0.001294417639991191
2018-06-08,0.0004840197121790957
2018-06-10,0.0004140281895475828
2018-06-11,-0.000524003556928998
2018-06-12,0.0013879768556364636
2018-06-13,-0.0005469737758837245
2018-06-14,-0.0029669663384351563
2018-06-15,-0.004844031756572137
2018-06-18,0.0029363275838872605
2018-06-19,-0.0030070565885572664
2018-06-20,0.005056909341428328
2018-06-21,-0.0038120444298558875
2018-06-22,0.003191455889408029
2018-06-25,-0.012690298132957384
2018-06-26,0.004151108845362961
2018-06-27,-0.0021191434725898184
2018-06-28,-0.003558612249590809
2018-06-29,0.0036607288588523246
2018-07-02,-0.0061771364646097116
2018-07-03,0.004433358748230337
2018-07-04,-6.325910931176404e-05
2018-07-05,0.0027028145362560096
2018-07-06,0.007295445077558804
2018-07-09,0.003298757638409283
2018-07-10,-0.0031143586364788256
2018-07-11,-0.01032818200326907
2018-07-12,0.0011781376853655656
2018-07-13,7.288767339824753e-06
2018-07-16,-0.0060589293228231755
2018-07-17,0.0002717103194562198
2018-07-18,0.0019996441151438338
2018-07-19,0.0037514645997083207
2018-07-20,0.0011899952450788731
2018-07-23,-0.0006844156948795088
2018-07-24,0.00033044526825479204
2018-07-25,0.00047570391391454914
2018-07-26,0.004212402043158231
2018-07-27,-0.009026168934014589
2018-07-30,0.001147494570015145
2018-07-31,0.002589810379452051
2018-08-01,-0.00461224619017922
2018-08-02,-0.00023607335793457418
2018-08-03,0.0012040581169845688
2018-08-06,0.002631937249966576
2018-08-07,0.0038210920813454563
2018-08-08,-0.0018256284282809343
2018-08-09,0.0011194481089072394
2018-08-10,-0.004302315987737448
2018-08-13,-0.004403153182039238
2018-08-14,0.005231630638913243
2018-08-15,-0.011915608770315694
2018-08-16,0.007971719834602542
2018-08-17,0.0030704026292228126
2018-08-19,0.0004858142246405017
2018-08-20,0.0021576922649191033
2018-08-21,0.00550149360309754
2018-08-22,0.0016795141776922429
2018-08-23,-0.0037760064893370138
2018-08-24,0.0037817470826900235
2018-08-26,7.262515735451114e-05
2018-08-27,0.00044744554425504846
2018-08-28,-0.000784805804545402
2018-08-29,0.0030471339978370704
2018-08-30,-0.0017441246174601521
2018-08-31,0.001239613282178753
2018-09-01,-0.00026621490803485637
2018-09-03,0.0013980063214198424
2018-09-04,-0.007105566955811576
2018-09-05,-0.0015379801083855171
2018-09-06,-0.002349289870048371
2018-09-07,8.935331007511871e-05
2018-09-10,0.001304420613162438
2018-09-11,-0.0005911322164494082
2018-09-12,0.0002481191746784017
2018-09-13,-0.002692972830430157
2018-09-14,0.0017842843226418548
2018-09-17,-0.004012169991766706
2018-09-18,0.002253196428614518
2018-09-19,0.0001265797532049029
2018-09-20,0.004373149723372771
2018-09-21,0.0017625835339236395
2018-09-24,-0.002748902895597316
2018-09-25,0.002275547221890467
2018-09-26,-0.0058294022347028795
2018-09-27,-0.0008820630266368479
2018-09-28,0.003183945977801139
2018-10-01,0.0017062295461793553
2018-10-02,-0.0044956055054883315
2018-10-03,0.00523351438059344
2018-10-04,-0.008389430717768348
2018-10-05,-0.0052564868659520925
2018-10-08,-0.0002729146700140572
2018-10-09,0.0022315603146107477
2018-10-10,-0.014700359836281068
2018-10-11,-0.012241737188970842
2018-10-12,-0.0023543121220647723
2018-10-15,0.004354687024761716
2018-10-16,0.009654859103387481
2018-10-17,-0.0007793950394122118
2018-10-18,-0.009011024907895543
2018-10-19,-0.0026769389548526867
2018-10-22,-0.00371564437394889
2018-10-23,-0.009445550563169591
2018-10-24,-0.011832154342570816
2018-10-25,0.004133870692882208
2018-10-26,-0.004957658073644705
2018-10-29,2.4650600127656963e-05
2018-10-30,0.00445142664830811
2018-10-31,0.000512118304633491
2018-11-01,0.004577961490237814
2018-11-02,0.007218962828777209
2018-11-03,-0.0005649439968559711
2018-11-04,0.0
2018-11-05,0.0010494818917211879
2018-11-06,0.0014175347754776801
2018-11-07,0.005715395143384677
2018-11-08,4.869563814680067e-05
2018-11-09,-0.008436687906851703
2018-11-12,-0.008666298414680529
2018-11-13,0.0002441708184544311
2018-11-14,0.0028043802821873798
2018-11-15,-0.0054012152120427315
2018-11-16,0.008071024592700149
2018-11-18,0.00014742014742014087
2018-11-19,-0.002413126328262183
2018-11-20,-0.0149797369318668
2018-11-21,0.007087885520805359
2018-11-22,-0.003229429935411421
2018-11-23,-0.0019868155927967035
2018-11-26,0.0017894081798642547
2018-11-27,-0.003520072632665433
2018-11-28,0.009661974777644466
2018-11-29,0.004349001581714751
2018-11-30,0.0008765646049690434
2018-12-03,0.004855856847996026
2018-12-04,-0.010240249644212274
2018-12-05,-0.004394266260785512
2018-12-06,-0.010942411241120054
2018-12-07,-0.00019376830701750558
2018-12-08,0.004059764932642096
2018-12-10,-0.011695024825326611
2018-12-11,0.004453833328942697
2018-12-12,0.0022534846318098545
2018-12-13,-0.005656554629153515
2018-12-14,-0.009989578339910626
2018-12-17,-0.012470742892424114
2018-12-18,-0.007340813454234679
2018-12-19,-0.005959231488781497
2018-12-20,-0.014072211757354569
2018-12-21,-0.009429791642544344
2018-12-24,-0.01435545674996988
2018-12-26,0.012484030938852086
2018-12-27,0.005009969768046657
2018-12-28,0.0031352693797405684
2018-12-31,0.0026594038128106845
2019-01-02,0.004151027007902097
2019-01-03,-0.0020465901259578423
2019-01-04,0.017284306819083717
2019-01-07,0.00780257972509496
2019-01-08,0.007584642859687518
2019-01-09,0.00924065449261724
2019-01-10,-0.0004675356074006487
2019-01-11,0.0012494651098541865
2019-01-14,-0.0023761230550013723
2019-01-15,0.0029542724749484495
2019-01-16,0.006052337899037641
2019-01-17,0.0035182359887613868
2019-01-18,0.008547620609020673
2019-01-21,-0.0017724612544531837
2019-01-22,-0.008090690402240391
2019-01-23,-0.0015494216095347235
2019-01-24,0.0034591052708198844
2019-01-25,0.008519464756843065
2019-01-28,-0.004583521129830875
2019-01-29,0.002768872679426687
2019-01-30,0.002967165327197735
2019-01-31,0.005055601793699904
2019-02-01,-0.001641775872685436
2019-02-04,0.0038885213401356755
2019-02-05,0.0018346550863437283
2019-02-06,-0.0003670561831527197
2019-02-07,-0.006944117880604922
2019-02-08,-0.0005658199344906745
2019-02-11,0.0027434387589900244
2019-02-12,0.007919813729543729
2019-02-13,0.0013234169677213137
2019-02-14,0.00021412097223155735
2019-02-15,0.011619962373505155
2019-02-17,-4.806305873306105e-05
2019-02-18,0.00029689406614868963
2019-02-19,0.002498618120605811
2019-02-20,0.004146744733987573
2019-02-21,-0.0010979657485858108
2019-02-22,0.004797667315077747
2019-02-25,-0.0017344596849085958
2019-02-26,-0.0036169077150264572
2019-02-27,3.619305592411637e-05
2019-02-28,-0.002658005112521844
2019-03-01,-0.0003544552369650622
2019-03-03,4.810004810001933e-05
2019-03-04,-0.001510730496956797
2019-03-05,-0.00031883995574560897
2019-03-06,-0.009385114563354086
2019-03-07,-0.005999506927965054
2019-03-08,-0.0018952579582336149
2019-03-11,0.006924375709166403
2019-03-12,0.003994717576990048
2019-03-13,0.004302104614375579
2019-03-14,-0.0031957319069473578
2019-03-15,0.0014854534275718367
2019-03-18,0.002817951654404127
2019-03-19,0.0011391287922564997
2019-03-20,-0.005683328966977291
2019-03-21,0.006494106033788277
2019-03-22,-0.018277423077166954
2019-03-25,0.0028351959233530732
2019-03-26,0.005636358677410469
2019-03-27,-0.002288576743738363
2019-03-28,0.001552567648335751
2019-03-29,0.0017817512108141975
2019-04-01,0.007306753269417848
2019-04-02,-0.0005728549301066699
2019-04-03,0.0029012311882745667
2019-04-04,0.0031533047687272164
2019-04-05,0.005501750777069325
2019-04-08,0.0006405737260467836
2019-04-09,-0.004779509867910009
2019-04-10,0.004455470661518357
2019-04-11,-0.0001426296803732352
2019-04-12,0.0024711015396189917
2019-04-15,-0.002455096294352588
2019-04-16,-0.00011518150279157813
2019-04-17,-0.0043024172411877115
2019-04-18,-0.0021033021686201747
2019-04-22,-0.00100589062610007
2019-04-23,0.005860309281269516
2019-04-24,0.0012070373692403547
2019-04-25,-0.006445346337162705
2019-04-26,0.002385436320617551
2019-04-29,0.004525136153980175
2019-04-30,-0.00036875929911656113
2019-05-01,-0.004110316277062598
2019-05-02,-0.005114738781620942
2019-05-03,0.010331804422944846
2019-05-06,-3.29565908404883e-05
2019-05-07,-0.00860498956202635
2019-05-08,-0.0025185595494782165
2019-05-09,-0.007638393813334282
2019-05-10,0.0016375071665072072
2019-05-13,-0.011245582714940305
2019-05-14,0.008227042858641287
2019-05-15,0.003238896898459409
2019-05-16,0.006826215712942618
2019-05-17,-0.008301223366120214
2019-05-19,-0.00014113662024839435
2019-05-20,-0.004331035184533177
2019-05-21,0.004829523561256266
2019-05-22,-0.007415625275529469
2019-05-23,-0.012284701539664933
2019-05-24,0.0044187191465390185
2019-05-28,0.002005120976719982
2019-05-29,-0.005609813126328883
2019-05-30,-0.002387820702618282
2019-05-31,-0.01151993198627918
2019-06-03,0.0031012883099681976
2019-06-04,0.011668012818830287
2019-06-05,-0.004137167951211024
2019-06-06,0.0026643355944580005
2019-06-07,0.002637792470689654
2019-06-10,0.004570466199242534
2019-06-11,-0.002509799310368238
2019-06-12,-0.0013973857739437712
2019-06-13,0.007953093333804728
2019-06-14,-0.0005103467561521358
2019-06-15,-0.00011934071909633359
2019-06-16,0.0
2019-06-17,-0.0011691516679208924
2019-06-18,0.008599831315524387
2019-06-19,-0.00024347907887353748
2019-06-20,0.00882728698262436
2019-06-21,-0.003974347515668164
2019-06-24,-0.0028768465808979016
2019-06-25,-0.0013698548605298178
2019-06-26,-0.0015039858881055745
2019-06-27,0.0054404861444767305
2019-06-28,0.006231140197421464
2019-07-01,-0.0005962315092968296
2019-07-02,-0.005301403564451329
2019-07-03,0.006643780289599388
2019-07-04,0.000964010282776373
2019-07-05,0.0014208825676681747
2019-07-06,-0.001051765136272198
2019-07-07,0.0
2019-07-08,-0.0035963538806357553
2019-07-09,-0.000631238798229794
2019-07-10,0.00575463730252751
2019-07-11,-0.0022591114025060643
2019-07-12,0.00671137799491156
2019-07-13,-0.0007585509378447985
2019-07-14,0.0
2019-07-15,-0.006355131473942177
2019-07-16,-0.0005939166378904348
2019-07-17,-0.0045947870106528566
2019-07-18,-0.001705753440871982
2019-07-19,0.0017215935230480428
2019-07-20,0.0007365126127784616
2019-07-21,0.0
2019-07-22,-0.004253323650604268
2019-07-23,0.004071292081673034
2019-07-24,0.005593650459996574
2019-07-25,-0.0028696586795847745
2019-07-26,0.002869897560402568
2019-07-27,0.0
2019-07-29,-0.0014322885454219336
2019-07-30,0.004091038691281856
2019-07-31,0.00015949656287728153
2019-08-01,-0.01406924588222594
2019-08-02,-0.011373034269166221
2019-08-05,-0.013804716171608111
2019-08-06,-0.0009545222370295758
2019-08-07,0.002884986075726098
2019-08-08,0.013762431206098213
2019-08-09,-0.005537927970127199
2019-08-12,-0.006322693733599755
2019-08-13,0.006385885468244035
2019-08-14,-0.015316563080091355
2019-08-15,-0.0029952754189561115
2019-08-16,0.010542052230282845
2019-08-19,0.006442417002266471
2019-08-20,-0.0028487229607565
2019-08-21,0.0028874602080771195
2019-08-22,-0.002648548389017985
2019-08-23,-0.012609619642538067
2019-08-24,0.00029588492352511375
2019-08-25,0.0
2019-08-26,0.004060551899762954
2019-08-27,-0.006199279033551025
2019-08-28,0.0077656680895631935
2019-08-29,0.009006701944204831
2019-08-30,-0.002971365788659197
2019-08-31,0.0008638719650813642
2019-09-01,0.0
2019-09-02,-0.0007698768197088313
2019-09-03,-0.004051618345270458
2019-09-04,0.009026275491800656
2019-09-05,0.008576341365779505
2019-09-06,-0.0015366412159047438
2019-09-09,0.009058219630737385
2019-09-10,0.0053835898310995445
2019-09-11,0.006493643688485151
2019-09-12,0.004058988641943817
2019-09-13,0.003423403362393773
2019-09-14,-0.0011897135535828551
2019-09-15,0.0
2019-09-16,0.01046141966594416
2019-09-17,-0.007217992996174233
2019-09-18,-0.00322639960014659
2019-09-19,-2.1381869826225808e-05
2019-09-20,-0.000870498431349509
2019-09-21,-0.002267383444080534
2019-09-22,0.0
2019-09-23,0.0010921710028752862
2019-09-24,-0.007674401447529927
2019-09-25,0.0021054559560639563
2019-09-26,-0.005615062760813194
2019-09-27,-0.002091916392409243
2019-09-28,0.0014291537647629915
2019-09-29,0.0
2019-09-30,-0.004964741378798709
2019-10-01,-0.0035191221523087346
2019-10-02,-0.010713563757256434
2019-10-03,0.0006839032174570658
2019-10-04,0.006204242228391721
2019-10-07,0.0010293968496863093
2019-10-08,-0.008226826248391994
2019-10-09,0.002245078160033581
2019-10-10,0.0034034735510650727
2019-10-11,0.01135037913410994
2019-10-14,-0.0035933574536014257
2019-10-15,0.0043076194340330165
2019-10-16,-0.000143856911865331
2019-10-17,0.005355097275203197
2019-10-18,0.00021663067929875157
2019-10-19,-4.560379423568239e-05
2019-10-20,0.0
2019-10-21,0.003444583923262745
2019-10-22,0.0011021008466289006
2019-10-23,0.0036653272262509584
2019-10-24,0.00012226565276468593
2019-10-25,0.0017205053898206868
2019-10-26,0.0016765021459227425
2019-10-27,0.0
2019-10-28,0.0031273503249825696
2019-10-29,0.0011553657109328874
2019-10-30,-0.0035079456261117026
2019-10-31,-0.003066550293838538
2019-11-01,0.013591186790012366
2019-11-04,0.004697381477010959
2019-11-05,0.001207520562041653
2019-11-06,-0.0048594813286139404
2019-11-07,0.0012279104180426825
2019-11-08,-0.0016712318460910258
2019-11-11,-0.0057928584713506925
2019-11-12,0.002300903996739656
2019-11-13,-0.0014687788691003234
2019-11-14,-0.00016147792303450315
2019-11-15,0.001107347011430615
2019-11-16,0.0003521953049357429
2019-11-17,0.0
2019-11-18,-0.0039095444977568505
2019-11-19,-0.0007421530313568292
2019-11-20,0.0012703581144116738
2019-11-21,-0.0029856586817587627
2019-11-22,0.0010511986138244667
2019-11-23,0.0003183265120509371
2019-11-24,0.0
2019-11-25,0.009885236373684297
2019-11-26,0.0019156230135882746
2019-11-27,0.0006497197802766419
2019-11-28,-6.799637352675192e-05
2019-11-29,-0.00569707222602292
2019-11-30,-0.00029473111453703904
2019-12-01,0.0
2019-12-02,-0.006372767982535943
2019-12-03,-0.0014213654713927937
2019-12-04,0.006606746943492892
2019-12-05,0.0014772649374273916
2019-12-06,0.0065595081248753795
2019-12-09,-0.0015041785701445098
2019-12-10,0.0019170103907486247
2019-12-11,-0.0007314989156280427
2019-12-12,0.008101969241281981
2019-12-13,-0.0029817976402664315
2019-12-14,-0.0001817190623296383
2019-12-15,0.0
2019-12-16,0.007877730994691579
2019-12-17,8.001104813684656e-05
2019-12-18,0.0007435966983696252
2019-12-19,0.003325436838310103
2019-12-20,0.0016275716396166318
2019-12-21,-0.0002959657590383413
2019-12-22,0.0
2019-12-23,-0.0006700693591923101
2019-12-24,0.002397292735160539
2019-12-26,0.002116227219324751
2019-12-27,-0.00024132068090051972
2019-12-30,-0.00150637472861459
2019-12-31,-0.001427652471848423
2020-01-02,-0.000660897645255426
2020-01-03,0.0011460588156513851
2020-01-06,0.0010347519698635788
2020-01-07,-0.0010370896140166341
2020-01-08,-0.0023205694709208524
2020-01-09,-0.002803825463439269
2020-01-10,0.0005249085616902127
2020-01-11,-0.0001251564455569676
2020-01-12,0.0
2020-01-13,0.0006212338878308354
2020-01-14,0.0009694742343767659
2020-01-15,0.003725205169554824
2020-01-16,0.0031329116339820218
2020-01-17,6.154712128858542e-05
2020-01-18,0.0001538954810202109
2020-01-19,0.0
2020-01-20,-0.00016941608331735858
2020-01-21,-0.005356078724175012
2020-01-22,-0.0025041716497153643
2020-01-23,-0.0034338486604295893
2020-01-24,-0.006772734293596927
2020-01-25,0.000605328461507737
2020-01-26,0.0
2020-01-27,-0.010785481310649103
2020-01-28,0.003541855142024597
2020-01-29,-0.0032642462464151367
2020-01-30,-0.004702534487453974
2020-01-31,-0.0101963257271096
2020-02-01,0.000872795631545964
2020-02-02,0.0
2020-02-03,-0.002229389299008344
2020-02-04,0.006833078280798516
2020-02-05,0.009968944816489855
2020-02-06,0.0006798166744580447
2020-02-07,-0.0063763765369253544
2020-02-10,-0.002029078352869168
2020-02-11,0.005836586420617129
2020-02-12,0.0044391932938460665
2020-02-13,0.0028449616860257154
2020-02-14,-0.0007353194940827867
2020-02-17,0.0
2020-02-18,0.00022815741198572992
2020-02-19,0.005049934007772483
2020-02-20,-0.0010426637749787193
2020-02-21,-0.0027389517976895428
2020-02-24,-0.019172964476840887
2020-02-25,-0.016484944374868138
2020-02-26,-0.007929505339613313
2020-02-27,-0.02203926574158549
2020-02-28,-0.017565276244258438
2020-03-02,0.018449025089682547
2020-03-03,-0.0009567711470772622
2020-03-04,0.007642776635224502
2020-03-05,-0.011065543378932369
2020-03-06,-0.021408428349106084
2020-03-09,-0.05250494561326463
2020-03-10,0.0036551977167746663
2020-03-11,-0.02668259760359859
2020-03-12,-0.045669460219582375
2020-03-13,-0.00791004241227855
2020-03-14,0.0
2020-03-16,-0.05814419414111016
2020-03-17,0.011261943528081436
2020-03-18,-0.05828432615312387
2020-03-19,0.013575612050439056
2020-03-20,-0.0012726001128600672
2020-03-21,0.0
2020-03-23,-0.008143217942054443
2020-03-24,0.03178018048455977
2020-03-25,0.04017408161977848
2020-03-26,0.023407746963141074
2020-03-27,-0.014260711525601627
2020-03-28,0.0
2020-03-30,0.0016020007968600425
2020-03-31,0.0013057448163971141
2020-04-01,-0.03782107581518801
2020-04-02,0.0009043684094094673
2020-04-03,-0.00910091748417799
2020-04-06,0.039740765117826204
2020-04-07,0.011986482506391505
2020-04-08,0.019236091731049176
2020-04-09,0.027671777348791754
2020-04-13,-0.008541569254779557
2020-04-14,-5.9820799550719395e-05
2020-04-15,-0.02607774382725689
2020-04-16,-0.005354052878853627
2020-04-17,0.020840398651704645
2020-04-20,-0.0034305736687915978
2020-04-21,-0.02729015063164819
2020-04-22,0.013212854663851886
2020-04-23,0.008936957249143007
2020-04-24,-0.002867742186872968
2020-04-27,0.020906083057399383
2020-04-28,0.010694099904869803
2020-04-29,0.02717506689832544
2020-04-30,-0.011743993072280828
2020-05-01,-0.024593932541792124
2020-05-02,0.0
2020-05-03,0.0
2020-05-04,0.0005797230259871888
2020-05-05,0.014336476395733294
2020-05-06,-0.016108820617418834
2020-05-07,0.009828426720581818
2020-05-08,0.012872239982739064
2020-05-09,0.0
2020-05-10,0.0
2020-05-11,-0.0029342375222857764
2020-05-12,-0.011690655371927677
2020-05-13,-0.027048966831533433
2020-05-14,0.005883015924649182
2020-05-15,0.0037855579974821474
2020-05-18,0.04474878564318588
2020-05-19,-0.0062953007958466145
2020-05-20,0.016381802512031973
2020-05-21,-0.005316111306555182
2020-05-22,-0.00031026610407508537
2020-05-26,0.022628845739807474
2020-05-27,0.009070780606588391
2020-05-28,0.0005270016568383606
2020-05-29,-0.00970535802143807
2020-06-01,0.008796239353410062
2020-06-02,0.0034916232083567755
2020-06-03,0.016593749224000115
2020-06-04,0.0006768715612880394
2020-06-05,0.029057583329261782
2020-06-07,0.0
2020-06-08,0.008896378857232268
2020-06-09,-0.011478994722182556
2020-06-10,-0.011634594668033044
2020-06-11,-0.04063457578146229
2020-06-12,0.0029569197665143543
2020-06-15,0.0050677782182105835
2020-06-16,0.02052958847767744
2020-06-17,-0.011008748659642409
2020-06-18,0.0007451411000069796
2020-06-19,0.0016953333235223411
2020-06-22,-0.002057988122068838
2020-06-23,0.004350792677272369
2020-06-24,-0.024230923257639092
2020-06-25,0.004508655132284822
2020-06-26,-0.00873350369274531
2020-06-29,0.02226541352710576
2020-06-30,0.01070284676049732
2020-07-01,-0.006278002626480983
2020-07-02,0.004962977093188048
2020-07-03,-0.0026746523769618225
2020-07-04,0.0
2020-07-05,0.0
2020-07-06,0.009746651108093168
2020-07-07,-0.006889972196027605
2020-07-08,-0.002844133344590216
2020-07-09,-0.011965829057362265
2020-07-10,0.013265141947677861
2020-07-11,0.0
2020-07-12,0.0
2020-07-13,-0.0006726062187769888
2020-07-14,0.0005717963898917156
2020-07-15,0.02412319496222204
2020-07-16,-0.0021963834609805
2020-07-17,0.0009089655838498134
2020-07-20,-0.007383888474957356
2020-07-21,0.017127276097122224
2020-07-22,0.0029708769196032936
2020-07-23,0.004883223710927087
2020-07-24,-0.0076237470859805145
2020-07-25,0.0
2020-07-26,0.0
2020-07-27,0.001755483109853323
2020-07-28,-0.0013889053008674102
2020-07-29,0.011902950590441386
2020-07-30,-0.004427757939643312
2020-07-31,-0.004338350878203612
2020-08-02,0.0
2020-08-03,0.008313109641276267
2020-08-04,0.0088035083249981
2020-08-05,0.011502674800617257
2020-08-06,0.0029265131716094406
2020-08-07,0.004931503625797556
2020-08-08,0.0
2020-08-09,0.0
2020-08-10,0.011510647542953556
2020-08-11,-0.00602565250223977
2020-08-12,0.0004039853390152004
2020-08-13,-0.0012115381947356563
2020-08-14,0.0013317404823922907
2020-08-17,0.005641235999891969
2020-08-18,-0.004842198791158242
2020-08-19,-0.0003723118896336586
2020-08-20,-0.00463105182525142
2020-08-21,-0.006491929164766458
2020-08-22,0.0
2020-08-23,0.0
2020-08-24,0.008681107377457836
2020-08-25,0.0006248618440465592
2020-08-26,-0.00220241022557105
2020-08-27,0.0028497732545269827
2020-08-28,0.005842386818125711
2020-08-30,0.0
2020-08-31,-0.0033432521945734317
2020-09-01,0.0031574819998400894
2020-09-02,0.0015866883362217754
2020-09-03,-0.006207778490417759
2020-09-04,-0.00952456124807774
2020-09-07,0.005491706064162549
2020-09-08,-0.016215725846531415
2020-09-09,0.004575098642572467
2020-09-10,-0.004538493683160838
2020-09-11,-0.0024581232117595053
2020-09-13,0.0
2020-09-14,0.00956946025855443
2020-09-15,0.0031188234768184386
2020-09-16,0.006707942989370247
2020-09-17,-0.003056094476394544
2020-09-18,0.0007523794083627022
2020-09-21,-0.02851005382048047
2020-09-22,-0.0013886564786948774
2020-09-23,-0.010064361638589037
2020-09-24,-0.004670897933734125
2020-09-25,0.0052376520685907535
2020-09-26,0.0
2020-09-27,0.0
2020-09-28,0.017611799625911806
2020-09-29,-0.008239994353493929
2020-09-30,0.0030472430734711786
2020-10-01,0.004482184281003304
2020-10-02,0.004843099156083247
2020-10-03,0.0
2020-10-04,0.0
2020-10-05,0.018221248281169444
2020-10-06,0.0026407242938039643
2020-10-07,0.009772591704609312
2020-10-08,0.008303581438457663
2020-10-09,0.006115173013015562
2020-10-12,0.00224566410720492
2020-10-13,-0.006856839183946528
2020-10-14,0.0019166351418608008
2020-10-15,0.00244362833606529
2020-10-16,0.0017820796948168627
2020-10-19,-0.00337836644855094
2020-10-20,0.001832594985204633
2020-10-21,-0.0028304442673677266
2020-10-22,0.0048802242443365396
2020-10-23,0.003724041353984714
2020-10-26,-0.012444428511995953
2020-10-27,-0.0038140271289751337
2020-10-28,-0.021595281935931576
2020-10-29,0.001770104011262874
2020-10-30,-0.0022803251829751348
2020-11-02,0.01041436294796233
2020-11-03,0.013114439395687516
2020-11-04,0.0006947167864833348
2020-11-05,0.01594100136227644
2020-11-06,-0.005392745988475001
2020-11-09,0.028135460849706806
2020-11-10,0.010707438195656421
2020-11-11,-0.0024388206313015193
2020-11-12,-0.007029598405165954
2020-11-13,0.009658253014675766
2020-11-16,0.015241942511633133
2020-11-17,-0.0002010814595392596
2020-11-18,0.001852478771103394
2020-11-19,-0.004624488838708085
2020-11-20,0.003110395828253898
2020-11-23,0.010648584583420773
2020-11-24,0.016249477027170667
2020-11-25,-0.0036803520944866663
2020-11-26,0.00015861713385537102
2020-11-27,-0.00036951180335850764
2020-11-30,-0.010846503999685703
2020-12-01,0.005447674185937057
2020-12-02,1.1474890658780268e-06
2020-12-03,0.002840584315806416
2020-12-04,0.010784740489214045
2020-12-07,0.0004483269386770239
2020-12-08,0.00227702517964945
2020-12-09,0.0024890741799654392
2020-12-10,0.005615679359299297
2020-12-11,-0.003195584483552727
2020-12-14,0.0008586474494775287
2020-12-15,0.009552849335752622
2020-12-16,0.00225610310727975
2020-12-17,0.007906827357255675
2020-12-18,0.0005228131975005545
2020-12-21,-0.007801297269246166
2020-12-22,0.00332443918817954
2020-12-23,0.008391042577090002
2020-12-24,0.0020900883093494804
2020-12-28,-0.0015370300580970775
2020-12-29,-0.00784238094583034
2020-12-30,0.006383529044083347
2020-12-31,0.0023469985447854835
2021-01-04,-0.00516595520293639
2021-01-05,0.01477399987046904
2021-01-06,0.02193108656639467
2021-01-07,0.005846547656383594
2021-01-08,-0.0037775384209498275
2021-01-11,-0.0019418579545191772
2021-01-12,0.014332825315099662
2021-01-13,-0.0026451319794314754
2021-01-14,0.011141344953586929
2021-01-15,-0.011051471893083836
2021-01-18,0.002278052136615749
2021-01-19,0.0012451160320169075
2021-01-20,0.003977592975822203
2021-01-21,-0.004498640847036578
2021-01-22,-0.0030163004439560936
2021-01-25,0.005450317045829656
2021-01-26,0.001742313836209708
2021-01-27,-0.006380828291820434
2021-01-28,-0.007027195919852042
2021-01-29,-0.002889207316633835
2021-02-01,0.008080257578177041
2021-02-02,0.005882053035898116
2021-02-03,0.002590465849302531
2021-02-04,0.012361739289518836
2021-02-05,0.009061067088147579
2021-02-08,0.014651279178533372
2021-02-09,0.003203725894155851
2021-02-10,-0.002140935711124281
2021-02-11,0.0001574657891625364
2021-02-12,0.0023954593794274504
2021-02-15,0.0019261387007039887
2021-02-16,0.0006715185086944853
2021-02-17,-0.006082426604132524
2021-02-18,-0.005874178313352324
2021-02-19,0.009862125447203884
2021-02-22,0.007039037053436781
2021-02-23,-0.006960552890348887
2021-02-24,0.016762310666757957
2021-02-25,-0.01352426588770117
2021-02-26,-0.01316144722647905
2021-03-01,0.014152267099877353
2021-03-02,-0.002907073037133334
2021-03-03,0.00010971414740712504
2021-03-04,-0.011883387639601922
2021-03-05,-0.0007716933507374568
2021-03-08,0.018770919011875498
2021-03-09,0.0038374812804816694
2021-03-10,0.010906813839418106
2021-03-11,0.01090007729310527
2021-03-12,0.0029610647149865
2021-03-15,-0.00010268995858694896
2021-03-16,-0.007585105611715104
2021-03-17,-0.00025380981764572264
2021-03-18,-0.011093000375976936
2021-03-19,-0.0003330932966376099
2021-03-22,-0.0065349137995011075
2021-03-23,-0.01993218300635985
2021-03-24,-0.0012795770445386545
2021-03-25,-0.001403267050870155
2021-03-26,0.014427434234906833
2021-03-29,-0.013180698715888589
2021-03-30,0.0021557367810356998
2021-03-31,0.008580409407222545
2021-04-01,0.007464618028322212
2021-04-05,-0.001437190944071659
2021-04-06,0.0045596478048227085
2021-04-07,-0.007025210157687506
2021-04-08,0.002860943791728937
2021-04-09,0.0006021323308273985
2021-04-12,-0.0027280098604874903
2021-04-13,-0.0007757490205042017
2021-04-14,0.01478145977694395
2021-04-15,0.0012938941196684595
2021-04-16,0.0015432188658210388
2021-04-19,-0.00472398635365881
2021-04-20,-0.011559540314077799
2021-04-21,0.01085075483886011
2021-04-22,0.006135754378285535
2021-04-23,0.007044213171475439
2021-04-26,0.010158886027828218
2021-04-27,0.002761832593794644
2021-04-28,-0.0007642302174884763
2021-04-29,0.00020057996861166938
2021-04-30,-0.004417742351588594
2021-05-03,0.005254720135026536
2021-05-04,-0.003466357280229565
2021-05-05,0.003890824777966345
2021-05-06,0.0006697364649251858
2021-05-07,0.011118518103001462
2021-05-10,-0.00795918783435648
2021-05-11,-0.006120452256475839
2021-05-12,-0.01058767396798474
2021-05-13,-0.0038646261039739505
2021-05-14,0.012225176688279105
2021-05-17,0.007712420286668298
2021-05-18,-0.0011940837182961295
2021-05-19,-0.015274481071787055
2021-05-20,0.0005704725205281647
2021-05-21,0.005976442412201632
2021-05-24,0.003466582225202103
2021-05-25,-0.004584077007979803
2021-05-26,0.007317964449283454
2021-05-27,0.011646867062090616
2021-05-28,-1.6621024254231953e-05
2021-06-01,0.009581587427605315
2021-06-02,0.0038056002978703596
2021-06-03,-0.007673433780644057
2021-06-04,0.0056542267542804
2021-06-07,0.004482022985429601
2021-06-08,0.006062717206339274
2021-06-09,-0.0007110418933359841
2021-06-10,-0.005610944304349275
2021-06-11,0.0035366904208250505
2021-06-14,-0.002436072710228193
2021-06-15,-0.004588416289390523
2021-06-16,-0.0012616458796435581
2021-06-17,-0.017326374931640576
2021-06-18,-0.009424715530464811
2021-06-21,0.012544864382859011
2021-06-22,0.0014418822077391091
2021-06-23,0.00408612254964158
2021-06-24,0.006128971964795227
2021-06-25,0.0020771065142337897
2021-06-28,-0.0033413352371641503
2021-06-29,0.0005252438941159288
2021-06-30,0.0014567485641533706
2021-07-01,0.004037889443520376
2021-07-02,-0.001929857773571464
2021-07-03,0.0
2021-07-04,0.0
2021-07-05,0.00031118912098845875
2021-07-06,-0.014578940003309143
2021-07-07,-0.005680254087907954
2021-07-08,-0.003585379192608207
2021-07-09,0.01186528429881542
2021-07-12,0.002900428667663102
2021-07-13,-0.005522818732575319
2021-07-14,-0.008198019045471516
2021-07-15,-0.0027697156906244524
2021-07-16,-0.003269573738634901
2021-07-19,-0.017102786904888506
2021-07-20,0.01734909364644896
2021-07-21,0.012103982818792963
2021-07-22,-0.004994649514629135
2021-07-23,0.0014367933200091776
2021-07-26,0.007467231344851055
2021-07-27,-0.004139430467941796
2021-07-28,0.0021784714490186152
2021-07-29,0.012038637969974564
2021-07-30,-0.007853968616171325
2021-08-02,-0.004455985665042017
2021-08-03,-0.0016705061954114253
2021-08-04,-0.007067841685778786
2021-08-05,0.009440076522404472
2021-08-06,9.520035769616797e-05
2021-08-07,0.0
2021-08-08,0.0
2021-08-09,-0.007369525511885716
2021-08-10,0.006132973123865709
2021-08-11,0.003393008040840334
2021-08-12,-0.001264969536859173
2021-08-13,-0.0020631423207415622
2021-08-16,-0.0026632715192936585
2021-08-17,-0.012457129322653221
2021-08-18,-0.002204679582354485
2021-08-19,-0.007164979444435421
2021-08-20,-0.0017702877282865792
2021-08-23,0.01589598556023497
2021-08-24,0.008648842027063813
2021-08-25,0.0051608501015061314
2021-08-26,-0.005237718988906626
2021-08-27,0.0153861656419636
2021-08-30,-0.0015636385717755774
2021-08-31,-0.00017930007829078387
2021-09-01,0.002335281209659784
2021-09-02,0.007133995253157055
2021-09-03,-0.002305528601117185
2021-09-06,0.00047144790091280253
2021-09-07,-0.007207146593423003
2021-09-08,-0.003169285384225534
2021-09-09,0.0010205166144584554
2021-09-10,-0.0029328598468452427
2021-09-13,0.003702683957727576
2021-09-14,-0.003303421263250922
2021-09-15,0.007773726124119307
2021-09-16,-0.004747221594604667
2021-09-17,-0.0037290674259972123
2021-09-20,-0.012227902805999696
2021-09-21,-0.0025975161624893495
2021-09-22,0.011254674481586124
2021-09-23,0.01155653988356281
2021-09-24,-0.0004165836250345223
